Netflix Id,Title,Imdb Rating,Release Year,Netflix Original,Episode Count,Season Count,Maturity,Maturity Level,Maturity Detail,Image,Netflix Link
60020686,Shrek,7.9,2001,False,,,7+,41,,https://occ-0-58-395.1.nflxso.net/dnm/api/v6/X194eJsgWBDE2aQbaNdmCXGUP-Y/AAAABUo5rp96CNuW41_NLHpZhsBQUzUY0fyOfx5NpujpuFNegrj2McSyr9JcUfPGWrGnLET1u39m34-0sGe7B79uQ1ZB26wPRQYmhzg.webp?r=c17,https://www.netflix.com/title/60020686
60034572,Shrek 2,7.3,2004,False,,,7+,41,,https://occ-0-58-395.1.nflxso.net/dnm/api/v6/X194eJsgWBDE2aQbaNdmCXGUP-Y/AAAABcNpNOXauEB-7I2tN6qiLmW3Qqc90OOAkGHcl8sFMFUM386s8cXT-55YAuTEQr3tItpXRyH3HKnxO0icoiJqSFDcLOsuhHUi91k.webp?r=55c,https://www.netflix.com/title/60034572
70044590,Ultraviolet,4.3,2006,False,,,13+,80,,https://occ-0-58-395.1.nflxso.net/dnm/api/v6/X194eJsgWBDE2aQbaNdmCXGUP-Y/AAAABXgWJiw_qjyWdO8_aC0yVX7wo1fJu8CAqG8XFMiIl_GANmOMpse9xZD9BBKQ2t9I6eUG47h75xZE0bsoV2NrWKv2LXvJ2UGzqII.webp?r=584,https://www.netflix.com/title/70044590
70087537,The Incredible Hulk,6.6,2008,False,,,13+,80,,https://occ-0-58-395.1.nflxso.net/dnm/api/v6/X194eJsgWBDE2aQbaNdmCXGUP-Y/AAAABWpdA9Wd3mvf5q2FagOq_BcgN9DNjm9SBWlP5QhKbaDSic14_VCJ6plqZlvX-2qbiBUgYXhsun06IkaBL6pz1J9Tyn0Lzemk8dM.webp?r=2dc,https://www.netflix.com/title/70087537
70117295,Shrek Forever After,6.3,2010,False,,,7+,41,,https://occ-0-58-395.1.nflxso.net/dnm/api/v6/X194eJsgWBDE2aQbaNdmCXGUP-Y/AAAABTVBEyDHCsDLPR1K2N1ec08k7R8hfJMsmJHe-G_ItO5xJReLSsAkDJ4sHf71wtUMDMatBS_ANDrFbsMG7myRGdm0Bsas7VcKTOE.webp?r=5b5,https://www.netflix.com/title/70117295
70142436,Merlin,7.9,2012,False,65.0,5.0,16+,110,substances,https://occ-0-58-395.1.nflxso.net/dnm/api/v6/X194eJsgWBDE2aQbaNdmCXGUP-Y/AAAABSxYkavPBO54K1LarOIRiEdrOpdyIah-nSIvgISKPi4bmS9j94qi5jm05YPLyCf2Vp1GiRdQIMzIYyNx3s0_WswJcdMcVIzxYD0.webp?r=f09,https://www.netflix.com/title/70142436
70155551,Hell's Kitchen,7.1,2021,False,64.0,4.0,18+,1000,language,https://occ-0-58-395.1.nflxso.net/dnm/api/v6/X194eJsgWBDE2aQbaNdmCXGUP-Y/AAAABbTaUNcwaItOzchuik4pk0JLnxJ3TjYC3-7_gLqvV5duX-KrkehixPGg2soB0WFbMyHlfoh-CIS8G_UJgsAxXwT01Ytqk5wSU_s.webp?r=27d,https://www.netflix.com/title/70155551
70213514,The Dark Knight Rises,8.4,2012,False,,,13+,80,,https://occ-0-58-395.1.nflxso.net/dnm/api/v6/X194eJsgWBDE2aQbaNdmCXGUP-Y/AAAABeYXKDCD0La9hr4XdldXpNnqJxfp7p4ayWfns1BWBFxRcfddT0enDL1YJ5sHVpGfVfTozeKlxDINUrENfNWqlVH_whQcaQRaLyI.webp?r=181,https://www.netflix.com/title/70213514
70281532,The Hobbit: The Desolation of Smaug,7.8,2013,False,,,16+,110,,https://occ-0-58-395.1.nflxso.net/dnm/api/v6/X194eJsgWBDE2aQbaNdmCXGUP-Y/AAAABQ9HBm62boQXsNrM7qMNQlvsNNE-9DuY8JP-2s9bvqdS3IdWn_zgp-5ER2DsTEa7k_aHvJBg17jdbspNeI1mYzH27dggX1iq0V4.webp?r=e09,https://www.netflix.com/title/70281532
70283264,The 100,7.6,2020,False,100.0,7.0,18+,1000,"violence, sex, suicide, self-harm",https://occ-0-58-395.1.nflxso.net/dnm/api/v6/X194eJsgWBDE2aQbaNdmCXGUP-Y/AAAABaY6xghT1yTfefGb69cXfbmRsG0Hi3itbOh3IwAahtjvNtrgiOrBKXn8zVmcyqy3kV8Lj_8-OnNMWpRgw6MlvzswuLbHxSblLC4.webp?r=dcd,https://www.netflix.com/title/70283264
70305930,The Hobbit: The Battle of the Five Armies,7.4,2014,False,,,16+,110,,https://occ-0-58-395.1.nflxso.net/dnm/api/v6/X194eJsgWBDE2aQbaNdmCXGUP-Y/AAAABQH2Q2mkyuptI8isjd1fIqd435Rn_UnLmXBlGWzSn3mCrmrsXuUP0HoDFq3C1KlCy42j80Lx2hyGSXB3D3tCf-JSGT6aQM4GxR8.webp?r=6ba,https://www.netflix.com/title/70305930
80008434,Z Nation,6.6,2018,False,68.0,5.0,18+,1000,violence,https://occ-0-58-395.1.nflxso.net/dnm/api/v6/X194eJsgWBDE2aQbaNdmCXGUP-Y/AAAABWKe360sniLjTo7oLyZYV5nU6Kq4L-cgTVSRKPFeSmumDcn-GMZfajHnBV5tpP2LUHANZ9S-W6HlEzJ1TMy0Eq2HVqwDns4HlC4.webp?r=ada,https://www.netflix.com/title/80008434
80018988,The Adventures of Puss in Boots,6.6,2018,False,77.0,6.0,7+,41,,https://occ-0-58-395.1.nflxso.net/dnm/api/v6/X194eJsgWBDE2aQbaNdmCXGUP-Y/AAAABbY8WsdRpawKil6_FsGQXqdmCMlwnbUDXdJAqM_oA0fgXAqzBTas7rLrr7nAdSDpDCOSobWfKHDVtcJERh9iWXpC2Pelgvp7bAE.webp?r=943,https://www.netflix.com/title/80018988
80027042,The Flash,7.6,2021,False,151.0,7.0,13+,80,,https://occ-0-58-395.1.nflxso.net/dnm/api/v6/X194eJsgWBDE2aQbaNdmCXGUP-Y/AAAABZ8d-o7DSRST-RZOJNyuAYd94GCWA5eD3GjorQM1ABGnZyjUsPkax2NmIJXOQnCSdWgluJSlQ1zOBgHFgmNL8HnG3zXrFmOCRzU.webp?r=615,https://www.netflix.com/title/80027042
80027563,The Legend of Korra,8.4,2014,False,52.0,4.0,13+,80,,https://occ-0-58-395.1.nflxso.net/dnm/api/v6/X194eJsgWBDE2aQbaNdmCXGUP-Y/AAAABZj_7n4K31rhCs3FwRF-8HF3d-bKbv090c1yQ8TPo5vuMCbIzJTQDEP2nzlP1e27dAtz-1CvC56_6lkaJOf17_QBO3gr2hKYH0E.webp?r=d41,https://www.netflix.com/title/80027563
80043576,AJIN: Demi-Human,,2016,True,26.0,2.0,16+,110,violence,https://occ-0-58-395.1.nflxso.net/dnm/api/v6/X194eJsgWBDE2aQbaNdmCXGUP-Y/AAAABfrSNHC1IZQEo8Tl9CUoOpilz8WN6PnvRiw6MJ1iieuwuYb41GwKOu8GgyLMjmSqzxWAL1ONaFmlLeM0HMuHawZsSnwo8e2FzwTP9YH37vjnEQVKyAd51_GTUTmV0N3sq8Jc.jpg?r=af2,https://www.netflix.com/title/80043576
80057281,Stranger Things,,2022,True,34.0,4.0,16+,110,violence,https://occ-0-58-395.1.nflxso.net/dnm/api/v6/X194eJsgWBDE2aQbaNdmCXGUP-Y/AAAABWu8-ur7hO8Jc4ta4UisHxtkHi6q8AWpKu51u4pisuSnESDH-vhbNxHyK0jCqoWbEGZtlRLpLfb0Vm18jqfu1LZznE4C2S5G8X_lD6p5cJuNps0vLF6ee29UMbzzFMYTGhERQdNJC4zJCA6TLdDYFAvakaJFRUCV3ypKvN3fkfkTFu-jDfx3EeNhkGcQ5T9Kok6uYjGGU3m5j9nAHDx55GfjeXd8GOoX.jpg?r=ea5,https://www.netflix.com/title/80057281
80084447,Shadowhunters: The Mortal Instruments,,2019,True,55.0,4.0,16+,110,"violence, substances",https://occ-0-58-395.1.nflxso.net/dnm/api/v6/X194eJsgWBDE2aQbaNdmCXGUP-Y/AAAABSeCVT-31SVOYMhmwNPZn3qLkSfxQllO-37cC7pqNFbhssSPUWN-fbe9i9fLM9m15NAY081Qpebrqu4XDLpSY89KWolWMbagRVqf2KXslINTtjBEe2y4PeT6qrYNmJmh-t53.jpg?r=158,https://www.netflix.com/title/80084447
80104198,Lost in Space,,2021,True,28.0,3.0,7+,41,,https://occ-0-58-395.1.nflxso.net/dnm/api/v6/X194eJsgWBDE2aQbaNdmCXGUP-Y/AAAABQGnQ7bsbIhA0J76oRDrWO093s3AmhmeBuoGMbIKyjscFFyx3tz8C8DgbIIZfo7ynLVPI2K5PMiN64CJ5Wqb17hwEu8ZA8eW-t7IYlaYUoTXZKrk26jyDeF-DPgrImOL4NxZ.jpg?r=0b3,https://www.netflix.com/title/80104198
80114225,Erased,8.5,2016,False,12.0,1.0,13+,80,,https://occ-0-58-395.1.nflxso.net/dnm/api/v6/X194eJsgWBDE2aQbaNdmCXGUP-Y/AAAABfeyfwT2nyC-tCWh_3hfvjj5qe25Nl3BGyVxee7mHlWpbfVG9IO4Z0EdfmJPDj4QATMXMUdcyGWOFQYyqGhnTxRHXStUp50EYic.webp?r=0b7,https://www.netflix.com/title/80114225
80117291,One-Punch Man,8.7,2019,False,24.0,2.0,16+,110,violence,https://occ-0-58-395.1.nflxso.net/dnm/api/v6/X194eJsgWBDE2aQbaNdmCXGUP-Y/AAAABa3F0QtR33BsNBAF_1UwVnxR1RtIlcegqaOneOeP6aL3fkDpNAlaDFo4kQ3E3JLtACM3RAd96leglzDU04qI7ZnwqX8BdHVmc5g.webp?r=aed,https://www.netflix.com/title/80117291
80156387,Little Witch Academia,,2017,True,25.0,2.0,7+,41,,https://occ-0-58-395.1.nflxso.net/dnm/api/v6/X194eJsgWBDE2aQbaNdmCXGUP-Y/AAAABdl5CDC3BXWtHSHFqWtwxIuqrZq-XkAKo7qZOQZdge5QE68XpZybB6f0Eo5lWHmFbAsPwxMmZZ7QVBaZgvLqtss7tySKQrf-EgMW2fIXoXB0Vot3K3yMcV3YvaK1F89jMLdn.jpg?r=45b,https://www.netflix.com/title/80156387
80179798,Mob Psycho 100,8.6,2019,False,12.0,1.0,16+,110,,https://occ-0-58-395.1.nflxso.net/dnm/api/v6/X194eJsgWBDE2aQbaNdmCXGUP-Y/AAAABRzYa4bA58OjF_rpn3pCpmVz2ophyC6MiqWO-8785kY_k2sgzoiNwdDomeKxkym4Y3AC_4B_zIkt8sVfFvjCl2nDPa5Lm_TxJ50.webp?r=da0,https://www.netflix.com/title/80179798
80189221,The Haunting of Hill House,,2018,True,10.0,1.0,18+,1000,"sex, language, substances",https://occ-0-58-395.1.nflxso.net/dnm/api/v6/X194eJsgWBDE2aQbaNdmCXGUP-Y/AAAABf6Upurdw5zPleX1k3cPBCEfzg4kvvg9p5Ko_I4Gtjhj2Gehr5VXW0b05v1WiMsBpGOWPc4ZrOP4ANakgUmpss-wdba9sgmYMzMTYRx1eBVAJscW10WDXSwHBE-S4ZmZ60rX.jpg?r=4cd,https://www.netflix.com/title/80189221
80192098,Money Heist,,2021,True,48.0,5.0,18+,1000,"violence, sex, nudity, language, substances, sexual violence",https://occ-0-58-395.1.nflxso.net/dnm/api/v6/X194eJsgWBDE2aQbaNdmCXGUP-Y/AAAABTDmVNNR4VSlQb253en2SRXMKTFvCDmO0BC6eH3_kgoNrlRSv4Gh1VXm8Q0-U_FKOU7uHgAuv2DCMIocxH7IROElpZRejtB-vVHaxAbr2Ofo4PCn82vPBghRlBrU8CKqCYg9uoYEii5SXocWi1ZndDYIvNt_S5VwAkK6Evbg7pbcKwzF3LQ63ejP4wuC_qU.jpg?r=8a4,https://www.netflix.com/title/80192098
80198505,Aggretsuko,,2021,True,40.0,4.0,13+,80,,https://occ-0-58-395.1.nflxso.net/dnm/api/v6/X194eJsgWBDE2aQbaNdmCXGUP-Y/AAAABSfe37HI4PcHDj66IVmynhv2bbgOcyNG0GvXSjaCxnxdna1g61aazGDSROgxSY2cyBeeMhgbM_tadvznhztuzrzneEuMgxsWqnn2RHiyD1bmtqp0J7l3gNFeJrzeZZfz-ypI.jpg?r=7e7,https://www.netflix.com/title/80198505
80205560,Blood Blockade Battlefront,7.2,2017,False,24.0,2.0,16+,110,,https://occ-0-58-395.1.nflxso.net/dnm/api/v6/X194eJsgWBDE2aQbaNdmCXGUP-Y/AAAABTopUkgDzJLJn2FK3RyWV0waeYZ4Dx0eGHG0iXZL7IQHDQIt8mtsHn2ZcO_K6wVwDIBVwYz4LliXwRNHVnePk36ER1xs5RkzxKg.webp?r=763,https://www.netflix.com/title/80205560
80211991,You,,2021,True,30.0,3.0,18+,1000,"violence, sex, nudity, language, substances, suicide",https://occ-0-58-395.1.nflxso.net/dnm/api/v6/X194eJsgWBDE2aQbaNdmCXGUP-Y/AAAABXIz1P1xK_roeDgn4Xva8YlC4RyBbP_HdcUvrb9vrfGIcFCPh3uRJs1F1TvixLIcLvVyHHZMtP6tB-g4qH_jz_OcQ090qf2k-S1yXoZb00Ou4u7S7V1_tUgPL8PPGUM9FKwD.jpg?r=788,https://www.netflix.com/title/80211991
80218200,Titans,,2021,True,37.0,3.0,18+,1000,"violence, sex, nudity, language, substances",https://occ-0-58-395.1.nflxso.net/dnm/api/v6/X194eJsgWBDE2aQbaNdmCXGUP-Y/AAAABc9Au8YodgiAUD0qhNw17VkQ0Vj08UNjmiTT4JLxuaOpECtAxp7TtZM74hcooASxzcouIVSElPdSNYKsh8Mkx_jmJ1T4zmwWlPrUlMog6YtrRRQ6CEo2vEDA2dnPJn7l77Tf.jpg?r=d46,https://www.netflix.com/title/80218200
80223989,Chilling Adventures of Sabrina,,2020,True,36.0,4.0,18+,1000,"violence, sex, nudity",https://occ-0-58-395.1.nflxso.net/dnm/api/v6/X194eJsgWBDE2aQbaNdmCXGUP-Y/AAAABXeX4DVI4rC3BB3Ov49WSyqSkb8gKHUAudzOWDo9E7MMbEbkPewB_4xZ6ClbXDtANmvJSoVITRkh4ixs56BmxGScuqRSlzPfZlXf7DlbtAUcLTf1QKRpfF-emRONEr3P9jfI.jpg?r=983,https://www.netflix.com/title/80223989
80238357,The Order,,2020,True,20.0,2.0,16+,110,"violence, language",https://occ-0-58-395.1.nflxso.net/dnm/api/v6/X194eJsgWBDE2aQbaNdmCXGUP-Y/AAAABT7h7A9A6hJdAevtIz4NN9xkw4cwzZ47eH1fEOMindhDeUSXLP9fFXATrYQI1FSmRYs9DqoAjXaxF8MRzeuB3737x6OEz0BKU8SJ32E0uw07NfJ69wT14-gYiop6uJZRXh6P.jpg?r=8d6,https://www.netflix.com/title/80238357
81009646,Jurassic World Camp Cretaceous,,2021,True,37.0,4.0,7+,41,,https://occ-0-58-395.1.nflxso.net/dnm/api/v6/X194eJsgWBDE2aQbaNdmCXGUP-Y/AAAABeykvxbe9ABr5a32QF1O5-FQiwV9ODtBJKlk7IH1c-4v1_K5HFaZHXWBRwoe57xsR9azew8EbsBzvmfwwpq5Xg9Gl-0vr_e1Ld-88A2WzJcreaZfYbsDIew6XgctMx7VWSGq.jpg?r=526,https://www.netflix.com/title/81009646
81012510,Guardian: The Lonely and Great God,8.6,2016,False,16.0,1.0,16+,110,suicide,https://occ-0-58-395.1.nflxso.net/dnm/api/v6/X194eJsgWBDE2aQbaNdmCXGUP-Y/AAAABbrFMMJLdC8hoRx72ZiYfE8VcGSRTW9uO01wvZqi5mGT7PSmHQ4T9ZlgKLBQ15jOW8HEHgp8ycLF_3AhtTHqOLxBCzRDbutGrl8.webp?r=719,https://www.netflix.com/title/81012510
81043571,High-Rise Invasion,,2021,True,12.0,1.0,18+,1000,"violence, sexual violence, suicide",https://occ-0-58-395.1.nflxso.net/dnm/api/v6/X194eJsgWBDE2aQbaNdmCXGUP-Y/AAAABTHKBXu7pa7aY-dvuKdFvayUXB5fhyl9Wx8ldergS_NVTZMQAuF3yyHnkhcoqGDam3I6KclIXgVorzh4QABZy959HCUa9bPIeDNLFm-EkISG8K0OF3-APjj5Xw3HsPoVhK7d.jpg?r=cb2,https://www.netflix.com/title/81043571
81050064,SPRIGGAN,,2022,True,6.0,1.0,18+,1000,violence,https://occ-0-58-395.1.nflxso.net/dnm/api/v6/X194eJsgWBDE2aQbaNdmCXGUP-Y/AAAABY2FnAFaN117m3HmZoKjtPN7odQCI46kvmdsabV9vxlxD5Ct3cwhFLLj6TGM31E9Xu8lndrLjlVSvBjUuCMK83OKzvxtymbq131uckJIggarVt1QaxVutGTT8-Yc0nDNmbyi.jpg?r=551,https://www.netflix.com/title/81050064
81054847,BEASTARS,,2021,True,24.0,2.0,18+,1000,"violence, sex, nudity, sexual violence",https://occ-0-58-395.1.nflxso.net/dnm/api/v6/X194eJsgWBDE2aQbaNdmCXGUP-Y/AAAABbOqhkOzy_4ecCI3ghW9q_8ltfm5NJJWHtZUdrrqL8_fFk2kBWyoQ0QQtHK0sqg4bOAxVqtYqbyyGPzw8zjrtbQL4PL1o381LG6ZA4k9mcHrqbPJgTwuKAk1hq1ClCZ34c4g.jpg?r=fa8,https://www.netflix.com/title/81054847
81058649,The Rising of the Shield Hero,8.1,2022,False,38.0,2.0,16+,110,suicide,https://occ-0-58-395.1.nflxso.net/dnm/api/v6/X194eJsgWBDE2aQbaNdmCXGUP-Y/AAAABVliHMTOV5l1B9qj8QZwuNRfHC8MwUkiTldEguGdXrdZns_KWzM-5_lpvpYDudCJ9N8RRvvbG5A0rz8wM4lb59T2vZLNijgVHt0IcsZag2CkadpkxuCDeVE1KbqJoJgDnEeggUJEQw.webp?r=295,https://www.netflix.com/title/81058649
81144534,Arifureta: From Commonplace to World's Strongest,7.1,2019,False,13.0,1.0,16+,110,"violence, nudity, sexual violence, self-harm",https://occ-0-58-395.1.nflxso.net/dnm/api/v6/X194eJsgWBDE2aQbaNdmCXGUP-Y/AAAABbXaTofzfHNFtrpQfsTcvWc6vNkljQr9Qtdulf7ue22trVghAZMrMUYHUb81aDQ-DMtlnW8VfGn-M1P5puesiq8ozb4zK5riYsE.webp?r=bbf,https://www.netflix.com/title/81144534
81145640,The Promised Neverland,8.3,2021,False,23.0,2.0,16+,110,"suicide, self-harm",https://occ-0-58-395.1.nflxso.net/dnm/api/v6/X194eJsgWBDE2aQbaNdmCXGUP-Y/AAAABbnCb_fQlkoAUuq9hTYnXeiHyzVVEKdecCVwAvSWlTEXomSaxzDJvnHbDRf70VP37j-qpeTMg7zH7yCK3CZcxDgrysxbwfMLM1c.webp?r=e6a,https://www.netflix.com/title/81145640
81161575,Angry Birds: Summer Madness,,2022,True,32.0,2.0,7+,41,,https://occ-0-58-395.1.nflxso.net/dnm/api/v6/X194eJsgWBDE2aQbaNdmCXGUP-Y/AAAABWQ0rznfvwloii8x6_7PR7NjhGmK_1NhTpevCIfbY-VV_lWeXvy1EcGULOlf4EelX42g8LdH2UfU8OrkeJh1P1a3N-WZbwv2E1noftluTfOzjM6wwrOTKhm7uwG9mBIFK9CeWUcQ8wmQ2hz_m0zyzi6BVa2Y6A6PaAW_Iw.jpg?r=278,https://www.netflix.com/title/81161575
81228573,Komi Can't Communicate,,2021,True,22.0,1.0,13+,80,,https://occ-0-58-395.1.nflxso.net/dnm/api/v6/X194eJsgWBDE2aQbaNdmCXGUP-Y/AAAABeyuQGLQyNWj-Je7OlZxKeM8aV_-QXe558_AAx2POqZogXNbyBEJO24Dt66No3dc1pOR8OVbzyIoB58y1SUZh_l80mudVhIdhWvMvHmG3Ym6F1ZyF_P_crTuopqbxHIBS6w0LiRpgA5styotBFe1_BVrU0FwV-PTxCwK0Q.jpg?r=7c6,https://www.netflix.com/title/81228573
81236338,Baki Hanma,,2021,True,12.0,1.0,16+,110,violence,https://occ-0-58-395.1.nflxso.net/dnm/api/v6/X194eJsgWBDE2aQbaNdmCXGUP-Y/AAAABRtf_YbkRk_qwRgh1JhKHx2DkI1_tNbGpRAwEV1L65pvtYNXdpRVs5uB8AXpXIsFGJWNLHckM8edCyb6ArAPlfXxnGvEjqaaJKrxAAk6y5TEllYIGgtsKSc3S1jJBYUQkRPv.jpg?r=a08,https://www.netflix.com/title/81236338
81266992,"Sing ""Yesterday"" for Me",6.9,2020,False,12.0,1.0,13+,80,,https://occ-0-58-395.1.nflxso.net/dnm/api/v6/X194eJsgWBDE2aQbaNdmCXGUP-Y/AAAABUwum9bHP7-ZFUwESJkeu1uhqo9V2OWTP2nyvK9dkpE7fJwSzFe6IoCdeJwy84bf4MxZ9_j3AbF_dLlFlUY7unRcrvHiF47_DHM.webp?r=2d5,https://www.netflix.com/title/81266992
81318943,The Hidden Lives of Pets,,2022,True,4.0,1.0,13+,80,,https://occ-0-58-395.1.nflxso.net/dnm/api/v6/X194eJsgWBDE2aQbaNdmCXGUP-Y/AAAABT2atShu-Z-1td-26uwJ8buiULsWV6QYx7hRwrZSNL8BCnN1jvERaMa0XTt9kOQ-PACUhA8flE5y2qUgba449LQqUXHNUwQBFqC1tTqbQdxZcEHQeB1sZPBIBpwM9I3kTziy.jpg?r=a91,https://www.netflix.com/title/81318943
81345945,Bubble,,2022,True,,,13+,80,,https://occ-0-58-395.1.nflxso.net/dnm/api/v6/X194eJsgWBDE2aQbaNdmCXGUP-Y/AAAABR5wCDBjDYoYt0ItpGLT4yPTtxipJ75iyVWtbp8cwshxWz3wq8P6WuL7fjMcM_49BLXJFY77k_eryBfhYUzYnNKYVqF0S9pmODtnTYO88pJt3euUjrwyF5zytbFJw9f6GIoo.jpg?r=270,https://www.netflix.com/title/81345945
81435684,Arcane,,2021,True,9.0,1.0,16+,110,"violence, sex, substances",https://occ-0-58-395.1.nflxso.net/dnm/api/v6/X194eJsgWBDE2aQbaNdmCXGUP-Y/AAAABerZlfYQ0rnQerjDo_NTl8purR-BDvFbAfGyq1AgMuVUIVMMsOpbsnQA0l1DLjiyxJO7h7u1xkB5AESiLt2am_4pI9xUh5cw7GjSCG1kTKjS-TH971XXHkXyklxXPDL6lUKI.jpg?r=367,https://www.netflix.com/title/81435684
81442047,86 EIGHTY-SIX,8.0,2021,False,23.0,1.0,16+,110,violence,https://occ-0-58-395.1.nflxso.net/dnm/api/v6/X194eJsgWBDE2aQbaNdmCXGUP-Y/AAAABcACtathRj3oNVndExJXi46tnwiewk9fQOeiLnI1yejWoP1sTTROhfaAcEIb0m2l8GwbvkZWLL49nqR8rSvoNZ3euSRpA8Qdg1M.webp?r=b9f,https://www.netflix.com/title/81442047
81503460,Tomorrow,,2022,True,16.0,1.0,18+,1000,"violence, substances, sexual violence, suicide, self-harm",https://occ-0-58-395.1.nflxso.net/dnm/api/v6/X194eJsgWBDE2aQbaNdmCXGUP-Y/AAAABZczxc5NrRaP01O8CBjgh9Idt-sKItISanf_GZKQBvt7QfNgVijBl3yAVx8I6qtJg30lQ2KXVKDKXj90pgZ8svdE3nWG8PRwy4JHI7bf3pE-6q6ZhFbysMGZalKM-esM-s-U.jpg?r=bc3,https://www.netflix.com/title/81503460
81511410,SPY x FAMILY,9.0,2022,False,12.0,1.0,13+,80,,https://occ-0-58-395.1.nflxso.net/dnm/api/v6/X194eJsgWBDE2aQbaNdmCXGUP-Y/AAAABdgFCwGAoc0dt80kNygfmhZjwE5GG_6Pe1GB9NavJgtI7pzM_6a9j8E8p01RyS2TbxN35ieURhpaa9jUQZJtaxLfrmOB7jsi3DrDAK8zABOHfl31bIWFKkj53FejT1bRTp7ECWodGaH3dORw-8yfD1_va9CFr4EJTFVY-yuFfemYP5VcPpHoyk75QfZVYuGKpcBp.webp?r=c68,https://www.netflix.com/title/81511410
70074404,Grindhouse: Death Proof,7.0,2007,False,,,18+,1000,"violence, sex, language, substances",https://occ-0-58-395.1.nflxso.net/dnm/api/v6/X194eJsgWBDE2aQbaNdmCXGUP-Y/AAAABYjF-VAoyPfFEpJBr6fyJ-MI9G19im7lpp-QAE7mqMxwrtecJnUuAYsdi2YkN4F0c76KQmX8XenXBTPQKaG41cRp6MiqjG3_yX0.webp?r=851,https://www.netflix.com/title/70074404
70204970,DEATH NOTE,9.0,2006,False,37.0,1.0,16+,110,,https://occ-0-58-395.1.nflxso.net/dnm/api/v6/X194eJsgWBDE2aQbaNdmCXGUP-Y/AAAABekkgg1X9XixaiurOmEx-dcHOsHKhhcq2XbZ3NL0AeFhbw3uNCCbu1k5kmYKTBf0WEmObMXzlT6IPLCU1gqqO8yZqbrCEEUwTzY.webp?r=f47,https://www.netflix.com/title/70204970
70204995,InuYasha,7.9,2004,False,167.0,6.0,16+,110,,https://occ-0-58-395.1.nflxso.net/dnm/api/v6/X194eJsgWBDE2aQbaNdmCXGUP-Y/AAAABcgcCAAzQbZMicr9w0OlSNgpD4h2ZxceFnByB0K8i7uVESY2d16PzdBP8u-IIfzmpOc_mXluK8qv3uBwdjpsggV5Ta-rQq0IpnE.webp?r=76b,https://www.netflix.com/title/70204995
70243464,Now You See Me,7.2,2013,False,,,13+,80,,https://occ-0-58-395.1.nflxso.net/dnm/api/v6/X194eJsgWBDE2aQbaNdmCXGUP-Y/AAAABXn8Ho8z2dpVRAHi-32RJNmiRk4peBtLAOl1yJqH7hIzbQ9_-XlJ-Akag60YXMol3_0XblLgmPXoJXQH5X9nnfXP6rUJgjI37t4.webp?r=cce,https://www.netflix.com/title/70243464
70304252,Blue Exorcist,7.5,2018,False,38.0,2.0,16+,110,,https://occ-0-58-395.1.nflxso.net/dnm/api/v6/X194eJsgWBDE2aQbaNdmCXGUP-Y/AAAABU4WDdtt9yEUWfgu7DEAHKce0dUkie-6o4QPsAUQv89yjjFuhe9r92t8zdViZWIi5C1BqlqSyP40BJJIJpOKj2_VErBij6VDnRA.webp?r=763,https://www.netflix.com/title/70304252
80052541,The Last Witch Hunter,5.9,2015,False,,,16+,110,,https://occ-0-58-395.1.nflxso.net/dnm/api/v6/X194eJsgWBDE2aQbaNdmCXGUP-Y/AAAABeNhpS9zTNs5acIAjByvksdkcPn_we-yeGS4sJerxnDvRbllVWEfGTpAXT4ZUCeT1r_9QvJWCFZMqxUqPFfW2gT2bRuxAUf6v38.webp?r=9a9,https://www.netflix.com/title/80052541
80053653,Scream,,2016,True,23.0,2.0,18+,1000,violence,https://occ-0-58-395.1.nflxso.net/dnm/api/v6/X194eJsgWBDE2aQbaNdmCXGUP-Y/AAAABZ6sbWJkp-PDASPMSLZUaByG_as_Lf_Q6NdDW72EMf04sIAbYVNzaXUa6gFQq4AzxYf6Mh7r2L-TcE_KRx1aXQTiaUPJPoPtGX-Z98lFoxZP1lBIQb-gSyLFlhWgXkbvPtYW.jpg?r=218,https://www.netflix.com/title/80053653
80093324,The Empress Ki,8.5,2013,False,51.0,1.0,16+,110,suicide,https://occ-0-58-395.1.nflxso.net/dnm/api/v6/X194eJsgWBDE2aQbaNdmCXGUP-Y/AAAABfYnArdwP3NO5swMDMS7Ee0znfcBR_GYJIeB3wHbsHXrMk_USqx43WD1afN5IIGF3E-1GDZWjy4eq8txA1uVj5Jay1qnV-Pd1xw.webp?r=a80,https://www.netflix.com/title/80093324
80095241,Castlevania,,2021,True,32.0,4.0,18+,1000,"violence, sex, language",https://occ-0-58-395.1.nflxso.net/dnm/api/v6/X194eJsgWBDE2aQbaNdmCXGUP-Y/AAAABUSDv3abIOduV7sdD6mFURy8waATMCy4sQ0hcZ75bBKl9rq9JXKaII7_pxScz-PAd_FXX0c0LVfkRD9v2ftX0pMyE4GCoNSTA0yZuQPmnVEvyxw68N6LwV-5_rg3dY-Fxb3w.jpg?r=8d8,https://www.netflix.com/title/80095241
80182123,Violet Evergarden,,2018,True,13.0,1.0,16+,110,substances,https://occ-0-58-395.1.nflxso.net/dnm/api/v6/X194eJsgWBDE2aQbaNdmCXGUP-Y/AAAABTjiFi1sQ1Zl7csESc2jU1wSDj8pMaIR0LwU3Rl4N5zkZHvKVb2ACrTJHB_8isUaM2NIofiE7bsHbecyfzE2FblJuo5NMuzG_w3_bUCinq90fZ6z2dKK0-iOmJr-Ip_4cAjS.jpg?r=2e1,https://www.netflix.com/title/80182123
81374392,DRAGON QUEST The Adventure of Dai,8.0,2021,False,50.0,1.0,13+,80,,https://occ-0-58-395.1.nflxso.net/dnm/api/v6/X194eJsgWBDE2aQbaNdmCXGUP-Y/AAAABd0OMMERYk4AxehwxOF3Xm9tku4EeYIOkymA64PZfcxHiK6jpuYQb7XxgJ_BPwRFvdQ2qryQWpWRTqtRTvShrY08rxK-x27RnmY.webp?r=79e,https://www.netflix.com/title/81374392
215309,Ace Ventura: Pet Detective,6.9,1994,False,,,18+,1000,sex,https://occ-0-58-395.1.nflxso.net/dnm/api/v6/X194eJsgWBDE2aQbaNdmCXGUP-Y/AAAABbUJG0v14LG-dXsz_aASL7vawilHsPZEcYxmnU86LGyjwMaXdea9qGWpQnXd68FTLmzXpxJkkx14j_d3WE6RWTpEEGoh0AhZp8M.webp?r=a55,https://www.netflix.com/title/215309
342807,The Cable Guy,6.1,1996,False,,,16+,110,suicide,https://occ-0-58-395.1.nflxso.net/dnm/api/v6/X194eJsgWBDE2aQbaNdmCXGUP-Y/AAAABbUZIsfRMDRuS0AMCPDFT55WHCXAkK2kQizKhwB-IFVxn8u9RDIeGTufDdFBJ8ijHL8-BxNBJ5LVvFoNEwaokij9ma8YrnCcZZk.webp?r=85d,https://www.netflix.com/title/342807
660954,Jumanji,6.9,1995,False,,,13+,80,,https://occ-0-58-395.1.nflxso.net/dnm/api/v6/X194eJsgWBDE2aQbaNdmCXGUP-Y/AAAABVj6IjHZJMZ-eX1O_HK2lCUj3kfOzxewwlVMLjp31hTYMBot6Y5S4axd9t0o7LXLLuRfRSzPCUJcCZgBqDGhqt5OsrLAq6_-Zhw.webp?r=e3e,https://www.netflix.com/title/660954
5670418,Meet Joe Black,7.2,1998,False,,,18+,1000,sex,https://occ-0-58-395.1.nflxso.net/dnm/api/v6/X194eJsgWBDE2aQbaNdmCXGUP-Y/AAAABXWi6NcO3HdPxYhqujlVqZhwFEC112YnqdTnfwd5eIcbW2YxQI_9ZPKmJKLy1EOhtVfE-UWyGEH-mKn7zaWv9gR5rI5rsLWbYx0.webp?r=15f,https://www.netflix.com/title/5670418
60000417,The Green Mile,8.6,1999,False,,,18+,1000,"violence, language",https://occ-0-58-395.1.nflxso.net/dnm/api/v6/X194eJsgWBDE2aQbaNdmCXGUP-Y/AAAABYIhqikD_R2WteGWoui1bidiLvzL7_e3aGa6TQQXhE9Ka9zRN3NjjwrXi53Tp3bMIxI7aQUVvSAU4eFpClVOi3-5pMh2vnnw8lI.webp?r=e14,https://www.netflix.com/title/60000417
60000893,Hollow Man,5.8,2000,False,,,18+,1000,"violence, sex, nudity, language, substances",https://occ-0-58-395.1.nflxso.net/dnm/api/v6/X194eJsgWBDE2aQbaNdmCXGUP-Y/AAAABbZPn0V6KNRlot2X-TI111sCX--Ql5MoqNj-IvFg_qPmG30nmyFReWiqKVqxjzrkyhtn82pgZH31XQaBbjfXu4HMdCERd7upTsN5PwKj6SpQbKXu6mhZh5IK3d0umWc6ouPzBXB3pN4nfqoU7iGws8eboIfVYVYURCY.webp?r=76d,https://www.netflix.com/title/60000893
60004481,Spider-Man,7.4,2002,False,,,13+,80,,https://occ-0-58-395.1.nflxso.net/dnm/api/v6/X194eJsgWBDE2aQbaNdmCXGUP-Y/AAAABYfqPYDf3FlxfOmvMivN1TsJah9Ja1OgfXMkaDdfO5vgzK0M_LgQ1fgN-h99lCO6UgZsTlJ7nnb0QYIm4zYA1sxAL7pZi7Ueg8g.webp?r=e0f,https://www.netflix.com/title/60004481
60022059,National Security,5.6,2003,False,,,13+,80,,https://occ-0-58-395.1.nflxso.net/dnm/api/v6/X194eJsgWBDE2aQbaNdmCXGUP-Y/AAAABf1HkbwVZSvhOxCo3z4aTfDzdWoA8OJnmCrGjV0aRTFIAqbkFAE2XbNGRhkZFkXNI-pYEmOSd5dxNZcjB79uWAKpU26La1AjUZQ.webp?r=431,https://www.netflix.com/title/60022059
60026122,How to Lose a Guy in 10 Days,6.4,2003,False,,,13+,80,,https://occ-0-58-395.1.nflxso.net/dnm/api/v6/X194eJsgWBDE2aQbaNdmCXGUP-Y/AAAABQ4KI7rsEkDfWc-Bwq-gqydtiIzqAkG3u5-FWKaqmbeJeq_Ddv_AOmE41A58o30AtPzi0G1Y945LxQuHMqXLRrzqifq3jrboifE.webp?r=7ee,https://www.netflix.com/title/60026122
60034584,The Terminal,7.4,2004,False,,,13+,80,,https://occ-0-58-395.1.nflxso.net/dnm/api/v6/X194eJsgWBDE2aQbaNdmCXGUP-Y/AAAABYGt0_QqXhHX_jwhTh64SJMraInIpr_3MeoV7pHlvs_AHWCHutVS2PF_0LITd3hc8h5v4Rwr63JnBiS5iLRf-60p8wR7oI4BLTI.webp?r=367,https://www.netflix.com/title/60034584
60037607,Starship Troopers 2: Hero of the Federation,3.5,2004,False,,,18+,1000,violence,https://occ-0-58-395.1.nflxso.net/dnm/api/v6/X194eJsgWBDE2aQbaNdmCXGUP-Y/AAAABS5ZOyBE-naz9laYGNRBeTGMIF1pCfZh4hRvm_aoh3aUzmw5tGbYstueMse76Ieize10jWb2g4ZaGsvY_w-wVjqJteFZMzrgu6s.webp?r=c39,https://www.netflix.com/title/60037607
70021642,Batman Begins,8.2,2005,False,,,13+,80,,https://occ-0-58-395.1.nflxso.net/dnm/api/v6/X194eJsgWBDE2aQbaNdmCXGUP-Y/AAAABf7OPLj6PQ85a-buCX2lhK-jbR25QHriEqQOj2fDsaMr5s8tVYJnGQ1IF_8Fetw6PpoevdPbohVEaqtn0vbTMBwvgg40kvuKZXU.webp?r=bca,https://www.netflix.com/title/70021642
70032591,The Exorcism of Emily Rose,6.7,2005,False,,,16+,110,,https://occ-0-58-395.1.nflxso.net/dnm/api/v6/X194eJsgWBDE2aQbaNdmCXGUP-Y/AAAABc9ioPRSHS19tsy3a-Bz7r0yQQWkZBqHCgLOn0RJeKn4PuQ7drLEuHAEBrp87JGp6DVOlP6mD8x1i1mPWvtpvuIyqXxSM-cgDzk.webp?r=623,https://www.netflix.com/title/70032591
70033005,Matilda,0.0,1996,False,,,7+,41,,https://occ-0-58-395.1.nflxso.net/dnm/api/v6/X194eJsgWBDE2aQbaNdmCXGUP-Y/AAAABbPd2HRSUgrtjGENtaPDDBj17Pxle43JZKJdp-4AFjB-nLBdh1abQPLkwczsgyGskUsbD5-pQ-NCatODxW1j5ac-JmMXEspSJXk.webp?r=00f,https://www.netflix.com/title/70033005
70044595,Monster House,6.6,2006,False,,,7+,41,,https://occ-0-58-395.1.nflxso.net/dnm/api/v6/X194eJsgWBDE2aQbaNdmCXGUP-Y/AAAABf5vUDE5vEVTEf7ZJPzT0eoRco23HDEmZzvej9H2fp6P6Nica3i0-3J4EKfW0shSElfrHgPuwr-qKiAVEBFA44LgP0HyBBvkHWU.webp?r=21d,https://www.netflix.com/title/70044595
70044598,The Covenant,,2006,False,,,13+,80,,https://occ-0-58-395.1.nflxso.net/dnm/api/v6/X194eJsgWBDE2aQbaNdmCXGUP-Y/AAAABTalU5vtU0HNzIQ0UkzLFrO1lNdad-XyZFgFYwtKYtKJ3945R4V0UnqxmBhuw7A9O9wja5w9X3qj3mdL-v5V5mhpNqx5mPFx8IQ.webp?r=e0e,https://www.netflix.com/title/70044598
70058026,Transformers,,2007,False,,,13+,80,,https://occ-0-58-395.1.nflxso.net/dnm/api/v6/X194eJsgWBDE2aQbaNdmCXGUP-Y/AAAABXQtBhrK-cqg079TypRqp7vEyt5TLr6gfOHdwUeoLFJRAacRqT05fPNZgbAcomMxdPV4iX5h6zjx589NPVLRMNalwUUzOHlbN_U.webp?r=81b,https://www.netflix.com/title/70058026
70063588,Dead Silence,,2007,False,,,18+,1000,violence,https://occ-0-58-395.1.nflxso.net/dnm/api/v6/X194eJsgWBDE2aQbaNdmCXGUP-Y/AAAABf8F9Z6QW71LhyKooJNuqMg-mO0sQbfjTZSyPvlQk-A8eTXp1io_8aCgApWDc9iD1KbC7-8Km9iIBNqxYK_EGUKCmavKJIWmzCI.webp?r=da5,https://www.netflix.com/title/70063588
70077556,The Spiderwick Chronicles,,2008,False,,,7+,41,,https://occ-0-58-395.1.nflxso.net/dnm/api/v6/X194eJsgWBDE2aQbaNdmCXGUP-Y/AAAABZ7kiy0HDdJMNd1_DvR-y1gQsuYBVlrrjjfk1i09SmT_1eZi35PNKEMdD69geKuvSvRT602sQ7TwaQHNZ87t0_oF4JNvPoIB8fQ.webp?r=101,https://www.netflix.com/title/70077556
70084780,Fool's Gold,,2008,False,,,16+,110,sex,https://occ-0-58-395.1.nflxso.net/dnm/api/v6/X194eJsgWBDE2aQbaNdmCXGUP-Y/AAAABegGytib0QGBsWBuFTBFvgSEtg9FAA7N4Ok6D85322RJPq7Pl837Tx3l-cZojO8Uc0g_9H2srNkh9j4Dl2fZcy2zeqG5OTmxDV4.webp?r=6b9,https://www.netflix.com/title/70084780
70084801,Sex and the City: The Movie,,2008,False,,,18+,1000,"sex, nudity, language",https://occ-0-58-395.1.nflxso.net/dnm/api/v6/X194eJsgWBDE2aQbaNdmCXGUP-Y/AAAABXvqovskHPi3mc3MtucSnfm15PxM7SWBW0ZDqq4OVufRc7N6hnbC3Whg6jKYvSOE2-IsImGA6gBILDWWzaUkdWZAElprzU9ECN0.webp?r=363,https://www.netflix.com/title/70084801
70087523,Doomsday,,2008,False,,,18+,1000,"violence, language, suicide",https://occ-0-58-395.1.nflxso.net/dnm/api/v6/X194eJsgWBDE2aQbaNdmCXGUP-Y/AAAABYD_BfZ27c0Xzm0sxSRRQ_NJg1ibGMBRbTk0_kkIYZPTYMnQknOUx7aI3_5IFdD9-a9etukemmGRD_ITPDUUMCYRhaZMfj19Vwo.webp?r=941,https://www.netflix.com/title/70087523
70097577,Hancock,,2008,False,,,16+,110,substances,https://occ-0-58-395.1.nflxso.net/dnm/api/v6/X194eJsgWBDE2aQbaNdmCXGUP-Y/AAAABdkr1H-OwR8ULJlwSKKSJjRnZ37XMYt1hqOVgNWncAl6gj8mX8NuCULYG8zIYJ9DV7x-3jlKc9UELiKIbDN-argXC8ul6rPa5N4.webp?r=148,https://www.netflix.com/title/70097577
70099816,The Scorpion King 2: Rise of a Warrior,,2008,False,,,13+,80,,https://occ-0-58-395.1.nflxso.net/dnm/api/v6/X194eJsgWBDE2aQbaNdmCXGUP-Y/AAAABc_cSHhg6T5ef_8K7EaOIAIc7xLbjT34RAz3HqU-f5W0VdkaIHUbdir3yQbZunb96z5ZlIBoKCUs_0ctmyPRO6tDviuWRcm9Hgs.webp?r=8a5,https://www.netflix.com/title/70099816
70101345,Inkheart,,2008,False,,,13+,80,,https://occ-0-58-395.1.nflxso.net/dnm/api/v6/X194eJsgWBDE2aQbaNdmCXGUP-Y/AAAABfoT9ZXqBmO8v5G0TC2zoUobaPaNO2ZVAGc-esEz7aOecClfN8LGgZ6UyjW8dqeAYL1L4Q-KKcFJML3cyPxw7gS9iwpeXlaHhFc.webp?r=509,https://www.netflix.com/title/70101345
70103763,Transformers: Revenge of the Fallen,,2009,False,,,13+,80,,https://occ-0-58-395.1.nflxso.net/dnm/api/v6/X194eJsgWBDE2aQbaNdmCXGUP-Y/AAAABZwPu4AzqIRYsvL43a23etVuEnAZI_1PRV0LBdzGELtJePvR9qIomdnYKAkCyt_e0V2eeMQAWwXtbFSOIwWQa24wSKg2y1w-hgU.webp?r=c8f,https://www.netflix.com/title/70103763
70109893,How to Train Your Dragon,,2010,False,,,7+,41,,https://occ-0-58-395.1.nflxso.net/dnm/api/v6/X194eJsgWBDE2aQbaNdmCXGUP-Y/AAAABTaAwfdIr4BHtnhiqYWmpWs6rxBnSmSQUzPCrxOHXzledLMBo8-ZSBjdGqOmZPfPmoenk34qWXSofCVo0ocxST0tt4lB1VVVv4Q.webp?r=347,https://www.netflix.com/title/70109893
70118799,Ip Man,,2008,False,,,16+,110,violence,https://occ-0-58-395.1.nflxso.net/dnm/api/v6/X194eJsgWBDE2aQbaNdmCXGUP-Y/AAAABXp0lOgqiAFQFpLns4hDVYMu09iNJmB_i2o8ZhkFlmYGWpimgC9ElJ1_cBa9IaZ9ttVXCLkVvkPUNDisvBCBztHv4rEjxx0KNXs.webp?r=7ad,https://www.netflix.com/title/70118799
70119811,The Blind Side,,2009,False,,,13+,80,,https://occ-0-58-395.1.nflxso.net/dnm/api/v6/X194eJsgWBDE2aQbaNdmCXGUP-Y/AAAABf6ms7taIBuzbeqyZTYN3S3N3gMOmeznSHzoOzIe9fq92N59jD-q0B0e6Ce4aMfnBub5CZEgeODak3eVsMLVFqsObZIZMUjRrKQ.webp?r=141,https://www.netflix.com/title/70119811
70123199,Bodyguards and Assassins,,2009,False,,,18+,1000,"violence, substances",https://occ-0-58-395.1.nflxso.net/dnm/api/v6/X194eJsgWBDE2aQbaNdmCXGUP-Y/AAAABUZsziv7zT88M6WlJPSCwSEhzjv1oy4-YNTbRc5usHZKYWa6UiUt9tGEeyzFA0cRbrfo5qi19M3GIKCPCQ61MkWMJkj0L6HkYgA.webp?r=faa,https://www.netflix.com/title/70123199
70137753,Ip Man 2,,2010,False,,,16+,110,violence,https://occ-0-58-395.1.nflxso.net/dnm/api/v6/X194eJsgWBDE2aQbaNdmCXGUP-Y/AAAABaLI5zytUkmXf3nc7umz-JV68pRkzfunPSMZS1jstMp1JXIhGPYcl1vsT7Wb0_se7kqtQxqw8P2N8R7makSLUbw6tg0KSVmfhAo.webp?r=b84,https://www.netflix.com/title/70137753
70138789,Battle: Los Angeles,,2011,False,,,16+,110,,https://occ-0-58-395.1.nflxso.net/dnm/api/v6/X194eJsgWBDE2aQbaNdmCXGUP-Y/AAAABfB8NS6rOvueTB8ME9jKjQ5B2fdUhRBf5TAATCsFelxWeeH5GPfbupg1acMN6aII7SaTjGUSzk9adCj2mp5AZ1JIsOEAzJehGW0.webp?r=3ce,https://www.netflix.com/title/70138789
70140907,Faster,,2010,False,,,18+,1000,"violence, substances",https://occ-0-58-395.1.nflxso.net/dnm/api/v6/X194eJsgWBDE2aQbaNdmCXGUP-Y/AAAABfsUjVEIootNxSh94DtrDPTES3neRF9lj_x6d4Cungq2Pq2WM84o5zlFV3uoHl5LnnR4oVtVf1Sj6q_eV6CPUj40Cbg90s-_kYI.webp?r=e59,https://www.netflix.com/title/70140907
70153859,Transformers: Dark of the Moon,,2011,False,,,13+,80,,https://occ-0-58-395.1.nflxso.net/dnm/api/v6/X194eJsgWBDE2aQbaNdmCXGUP-Y/AAAABYjqVkNOLzPMtk-tFqccQSoCM8HvbB8fq_sROtlTD4gRCowT0Jma9Oy9RFA2KRxAKo743ceNv2I8DyN1BSJDPO9hTZu23jwIcM8.webp?r=ef9,https://www.netflix.com/title/70153859
70155589,Community,,2015,False,109.0,6.0,18+,1000,sex,https://occ-0-58-395.1.nflxso.net/dnm/api/v6/X194eJsgWBDE2aQbaNdmCXGUP-Y/AAAABbON_KBHGJrGYXY_3HibQiZhpM4E70crLUIR4VfoaRBLgCvFOjIrHPg4sfgPm3xDyGKBB1GsIRJhasC7kUcPkvI7wl-Xq5Cmbps.webp?r=190,https://www.netflix.com/title/70155589
70155618,Gilmore Girls,,2006,False,153.0,7.0,18+,1000,sex,https://occ-0-58-395.1.nflxso.net/dnm/api/v6/X194eJsgWBDE2aQbaNdmCXGUP-Y/AAAABS1t_VdIerfOoMpKDmBeHzejUY43dv99jBjHZ7xu_Lo5j1d2IHqj8hwk_2zk0KUinfsHqiFu3XTrfpF0e83Q9GEY7Ts1CS_Vczc.webp?r=447,https://www.netflix.com/title/70155618
70177028,The Smurfs,,1981,False,57.0,1.0,7+,41,,https://occ-0-58-395.1.nflxso.net/dnm/api/v6/X194eJsgWBDE2aQbaNdmCXGUP-Y/AAAABTj3NtYyAepRT8zAHpFnNS-DnUi2zPJUk_doOCxJsel-N-02WkJIS8bYAUGQHg6afkqGer_RcjImaJz5wVJN5iueAV4RNEKnNN4.webp?r=074,https://www.netflix.com/title/70177028
70184053,The Change-Up,,2011,False,,,18+,1000,"sex, nudity, language, substances",https://occ-0-58-395.1.nflxso.net/dnm/api/v6/X194eJsgWBDE2aQbaNdmCXGUP-Y/AAAABTR09BJRkD6dkXiL6FLZoDzeEg2tInk19Y5QdTaRv9U4W9Ir4UPjeM4-z25-ow1MXg4-xQ4ac1DT76-mKE8sorfGuLjJvyxP9cQ.webp?r=a3f,https://www.netflix.com/title/70184053
70189287,Dragon,,2011,False,,,18+,1000,"violence, self-harm",https://occ-0-58-395.1.nflxso.net/dnm/api/v6/X194eJsgWBDE2aQbaNdmCXGUP-Y/AAAABQ-OjFTb1MkwN9AkCs9Cov6DRa5KptaUIs-qgdeh-57z2B2oNKZ7940lp-yWimHd40_TnyKlEuzooGu1UkwTfquhqrWiy8OnKoM.webp?r=dc1,https://www.netflix.com/title/70189287
70202145,Tower Heist,,2011,False,,,18+,1000,nudity,https://occ-0-58-395.1.nflxso.net/dnm/api/v6/X194eJsgWBDE2aQbaNdmCXGUP-Y/AAAABa-WnWlSLsTnXeCiBU1kaYSENOsFpNTtkZwzk-CmSF47UGwLMH2oTVfMr0zGovzgy9J93230-H9GtY0CGaQiZpzLhiwh0-8f7rs.webp?r=7e0,https://www.netflix.com/title/70202145
70206135,Underworld: Awakening,,2012,False,,,18+,1000,violence,https://occ-0-58-395.1.nflxso.net/dnm/api/v6/X194eJsgWBDE2aQbaNdmCXGUP-Y/AAAABTxeE9xgILxTqIC6Ks3D1YKi9YDXQqSvar__Lwcqrge3Odh6Rcm2EIvpsgH25DNRUVAX91qrgjJx_rRmZdJiakqI35HRPL4IyVs.webp?r=07c,https://www.netflix.com/title/70206135
70208599,The Amazing Spider-Man,,2012,False,,,13+,80,,https://occ-0-58-395.1.nflxso.net/dnm/api/v6/X194eJsgWBDE2aQbaNdmCXGUP-Y/AAAABVK4V4eycXWNaevZZ_ncQ_0Tx8pRvhHQrhbdO3uYlwx5zxibXdisRpkvJicHisqJP-i0nH1hU9NGC2oJfbwyz4vK6wxvNPRhBhA.webp?r=c05,https://www.netflix.com/title/70208599
70213251,Sorcerous Stabber Orphen,,2021,False,11.0,1.0,13+,80,,https://occ-0-58-395.1.nflxso.net/dnm/api/v6/X194eJsgWBDE2aQbaNdmCXGUP-Y/AAAABf25Tk5sa72_l1Mi3K8a77CutITSEjFyx5CUm_8qfkVLV1r53TnMOyK3ejURMPR0lGoQCwTQvv3VTZlhDxplgdJDidN8X0tiC8M.webp?r=9e4,https://www.netflix.com/title/70213251
70215462,My Girlfriend Is a Gumiho,,2010,False,16.0,1.0,13+,80,,https://occ-0-58-395.1.nflxso.net/dnm/api/v6/X194eJsgWBDE2aQbaNdmCXGUP-Y/AAAABd3OacxLb2n_zadhCNwhz0C-FHv7gZRIE9zuEvcDY5R7hZ5NfsHZzqvGat4N95extP2S24aXWj0nsvh528Fx1z_pK1ntfR5_Qs0.webp?r=3a2,https://www.netflix.com/title/70215462
70226287,G.I. Joe: Retaliation,,2013,False,,,16+,110,violence,https://occ-0-58-395.1.nflxso.net/dnm/api/v6/X194eJsgWBDE2aQbaNdmCXGUP-Y/AAAABRQgfj0sKNu1CKjHHTft3fDmK3qgOy8P1-S0d7Yd1eO9htxc6qdmBbtvJqPEuxBtBsj6dvZM_DgfFv9zQSm4MZhRM5QEfIlSufE.webp?r=90f,https://www.netflix.com/title/70226287
70226288,The Hobbit: An Unexpected Journey,,2012,False,,,16+,110,,https://occ-0-58-395.1.nflxso.net/dnm/api/v6/X194eJsgWBDE2aQbaNdmCXGUP-Y/AAAABZzpXGrSYPPd4ZW3Pu4xFhc2DYlFRTRLIm07ZEGZV8fg1ej3OfHleEL9sNBzBmhpmfoXoHXRhO2Gpu75WuGDFFP5vuVGOxmWnRc.webp?r=78b,https://www.netflix.com/title/70226288
70242081,Arrow,,2019,False,170.0,8.0,18+,1000,"violence, substances",https://occ-0-58-395.1.nflxso.net/dnm/api/v6/X194eJsgWBDE2aQbaNdmCXGUP-Y/AAAABR2CLr_wYBChTNmz-dTVtUiCOlhob0W9hQlT-74sfRmdxLhfmntiEdpEsqDYjzyPGq313KDuKQapqH-jONGz4fYDHTATcv5fzqw.webp?r=607,https://www.netflix.com/title/70242081
70242629,DreamWorks How to Train Your Dragon Legends,,2011,False,3.0,1.0,All,35,,https://occ-0-58-395.1.nflxso.net/dnm/api/v6/X194eJsgWBDE2aQbaNdmCXGUP-Y/AAAABX05B0zfes-RjGMqDJroJ3xc22lrTzErEHegV1ilnmBDn0MlVZxArkKF24x4X9ML1bEsIsKOPHDae1_YFG1A-UxvIyiya4aKabM.webp?r=af0,https://www.netflix.com/title/70242629
70251537,Carrie,,2013,False,,,18+,1000,"violence, sex, language",https://occ-0-58-395.1.nflxso.net/dnm/api/v6/X194eJsgWBDE2aQbaNdmCXGUP-Y/AAAABc0fYrP_rImkGAizvqLfaDm_xlUl369fdoKt_4nVuA9JAsRrhkk7pleLZnO5kkd1iEXXxHFeFRR3vo2DZto_2UA0NyafaokUhtA.webp?r=5f9,https://www.netflix.com/title/70251537
70259171,Pain & Gain,,2013,False,,,18+,1000,"violence, sex, nudity, language, substances",https://occ-0-58-395.1.nflxso.net/dnm/api/v6/X194eJsgWBDE2aQbaNdmCXGUP-Y/AAAABTBObYIH5bE3Iq05e9c5cg51zy9bHsKibQ_M5-UUXDU0wTSPid28dfNHIGzNRfZFngr2Ti_ih6CWbZNUsh5jEXck1l_iO3kZVcM.webp?r=364,https://www.netflix.com/title/70259171
70262640,Star Trek Into Darkness,,2013,False,,,13+,80,,https://occ-0-58-395.1.nflxso.net/dnm/api/v6/X194eJsgWBDE2aQbaNdmCXGUP-Y/AAAABbrn4_FTO9Ak5Hljkz3kWmoHho8vqpjvr8nH-YA_Prj1_hiQXNbY2Ud_azKShPePGf3rTDND0D8bqPhoy5EJQ57D-6xz4dZP4ic.webp?r=390,https://www.netflix.com/title/70262640
70266998,Fairy Tail,,2014,False,150.0,4.0,16+,110,suicide,https://occ-0-58-395.1.nflxso.net/dnm/api/v6/X194eJsgWBDE2aQbaNdmCXGUP-Y/AAAABRTG4GYZ9gZVaSGO0d3k2HWFX0NE60LT_JB9hRTNvC8Eo39Z3pGr8Pe-KGnuKi67n5QqYIQUmggaWrcuO3PwSZvXwoD9P5eePpY.webp?r=a31,https://www.netflix.com/title/70266998
70270408,We're the Millers,,2013,False,,,18+,1000,language,https://occ-0-58-395.1.nflxso.net/dnm/api/v6/X194eJsgWBDE2aQbaNdmCXGUP-Y/AAAABd1In9vZoInuecIGyW-lFneyG9rnPjyqUxTiv0zW7KdWCPpobl89imicqC4lyDGBJFCPWPlZE13V2QouubjRx6Z6_rlDnGPLHAc.webp?r=884,https://www.netflix.com/title/70270408
70275284,Seventh Son,,2014,False,,,16+,110,violence,https://occ-0-58-395.1.nflxso.net/dnm/api/v6/X194eJsgWBDE2aQbaNdmCXGUP-Y/AAAABUbdQ6VEuWxbcQWCC-Kk1YppwEPiTEh61QFu06yDFhvBAupZbsycQ5OVlb0PK3UwiXD-5JtERuJS_6_PeqLdTv_ZOHCbif3ezNU.webp?r=2a3,https://www.netflix.com/title/70275284
70278876,Rooftop Prince,,2012,False,20.0,1.0,13+,80,,https://occ-0-58-395.1.nflxso.net/dnm/api/v6/X194eJsgWBDE2aQbaNdmCXGUP-Y/AAAABVSDaOKoaXkfLU4-Qsra6VWgLCpvLV5RzrKGNtfAc956YW0EmzzDZBW76FLkaMxiORPQ7IoUW4ixBApHIv7e1ihmtbqE-nMLVkc.webp?r=eb8,https://www.netflix.com/title/70278876
70293702,The Amazing Spider-Man 2,,2014,False,,,13+,80,,https://occ-0-58-395.1.nflxso.net/dnm/api/v6/X194eJsgWBDE2aQbaNdmCXGUP-Y/AAAABbRjcM7fG0Q8si9vhzTgTHDSmQK5DjbE3CNGe9up9MVtDAOac_9VK4eC1MTjDf8tegmMFxvjAMdT50KUv7Gn_rpvH3AltD8r2vE.webp?r=bf5,https://www.netflix.com/title/70293702
70295061,Noah,,2014,False,,,16+,110,violence,https://occ-0-58-395.1.nflxso.net/dnm/api/v6/X194eJsgWBDE2aQbaNdmCXGUP-Y/AAAABU8wW659p64ZGLk10Gjlg3qKYCvyrt6zn76NxmNNJxJOkmPbA-Ar4NPNGg0O98cfd1baj6XbxxMbdnwTwxQ6hyRtEzklQcjfkic.webp?r=dfa,https://www.netflix.com/title/70295061
70298991,How to Train Your Dragon 2,,2014,False,,,7+,41,,https://occ-0-58-395.1.nflxso.net/dnm/api/v6/X194eJsgWBDE2aQbaNdmCXGUP-Y/AAAABc4y35QYz0XPR4x7pYDrWjyhyrOo8XdYG6pgS-OqbKDX9hFL8M9z_UpgFne4arz_a9uJYvSikkXLZkocMD_IOD2MmbqfrIK5GSI.webp?r=eec,https://www.netflix.com/title/70298991
70299043,Attack on Titan,,2022,False,87.0,6.0,18+,1000,"violence, suicide, self-harm",https://occ-0-58-395.1.nflxso.net/dnm/api/v6/X194eJsgWBDE2aQbaNdmCXGUP-Y/AAAABWzytqYyeTUo0_MvfNAsUalsKYyTGAgQsbknPBCKa_jfJTYCaNRBuqkWb07KSURLWFTXIlKZ6kxvgD5uW-CXREW-K9OX1BUqKdw.webp?r=feb,https://www.netflix.com/title/70299043
70299855,Transformers: Age of Extinction,,2014,False,,,13+,80,,https://occ-0-58-395.1.nflxso.net/dnm/api/v6/X194eJsgWBDE2aQbaNdmCXGUP-Y/AAAABZ6FbMHhIF4yCJvXhskVYc8hxSAt4JnvPlUArYeDPzo3ZzXPtAbNrWuu3j14ZMr9pfjRuuFlNm0H0V0yDF8caIU9EN8CHn9OgnI.webp?r=5c6,https://www.netflix.com/title/70299855
70302573,Sword Art Online,,2019,False,97.0,4.0,18+,1000,"violence, sexual violence, suicide",https://occ-0-58-395.1.nflxso.net/dnm/api/v6/X194eJsgWBDE2aQbaNdmCXGUP-Y/AAAABfa-6ZKFQWUoKSgXQUWvHOPBjP96M49x2LYua8P6J06iv3iSvF1fMtuEhLch-frt5Wdt-22GtmMEf6GuSA-C0ziNjrudtqRpBPw.webp?r=221,https://www.netflix.com/title/70302573
70305883,Marco Polo,,2016,True,20.0,2.0,18+,1000,"sex, nudity, substances",https://occ-0-58-395.1.nflxso.net/dnm/api/v6/X194eJsgWBDE2aQbaNdmCXGUP-Y/AAAABePM1IelUKp9YWtslYjqeA_cYPx_LsiBZQMnhQk6QLebCfmnWArjtuZHaEBcws5Dnpg4bnaBP2OXN61beQN9NTqNjl6WcvB-dNnHX2iPTOCOlwl5RJTlgI5IjUGthnTUWWF0.jpg?r=f94,https://www.netflix.com/title/70305883
80011358,My Little Monster,,2013,False,13.0,1.0,13+,80,,https://occ-0-58-395.1.nflxso.net/dnm/api/v6/X194eJsgWBDE2aQbaNdmCXGUP-Y/AAAABdhYzE6bPScO1s0KE8EZ5Or9cqDYA5Pd7D-FrA70NRAhZxfJ_AfCnrbjfmV4s2YnqLk9HbQ-8EL7p5Scgv43JHRKbdthzxkf0mk.webp?r=1b9,https://www.netflix.com/title/80011358
80013273,Blackhat,,2015,False,,,18+,1000,"violence, sex, language",https://occ-0-58-395.1.nflxso.net/dnm/api/v6/X194eJsgWBDE2aQbaNdmCXGUP-Y/AAAABeUSYvTaAuo30GQUBgu6b3jRWgIUVGt5h9jH37KMsKqiHQnGQKpY4IhGADHAByJ9xS_0t1PeW4oi39X2vDfiXSD8E5XE8OXLl08.webp?r=26d,https://www.netflix.com/title/80013273
80013552,The Tale of The Princess Kaguya,,2013,False,,,13+,80,,https://occ-0-58-395.1.nflxso.net/dnm/api/v6/X194eJsgWBDE2aQbaNdmCXGUP-Y/AAAABTLSpR8JLUCfdKtQHl1-MTWPv3i6mS-S4GlvPjRrQA32ZOUTF7DE5yh4GcBgLXJD5sp_XkqYlGm21Jo_JuYFbmWCX4NfXIoIrM8.webp?r=cca,https://www.netflix.com/title/80013552
80013872,Fifty Shades of Grey,,2015,False,,,18+,1000,"sex, nudity, language",https://occ-0-58-395.1.nflxso.net/dnm/api/v6/X194eJsgWBDE2aQbaNdmCXGUP-Y/AAAABcSLjwi0B0Usu4EDx8Mr_5jAMAqiYNT5XtTdkYqm80M9mTvs_nqXgMaJiKjYjPMNUnwXQc_2WepeeYRYYKl61Z8VoymUzcTE1zU.webp?r=be2,https://www.netflix.com/title/80013872
80023687,Tokyo Ghoul,,2018,False,48.0,3.0,18+,1000,"violence, language, suicide",https://occ-0-58-395.1.nflxso.net/dnm/api/v6/X194eJsgWBDE2aQbaNdmCXGUP-Y/AAAABRpLxsIogD8hGuE6bY5woZIdYIXDlgphoY_IgQ78q4tHhdpWc_W1xkrOc8d_MRoD_JLSVrBRIXXNkiECKuhEGiURS-sqICeH7uM.webp?r=c98,https://www.netflix.com/title/80023687
80025266,My Love from the Star,,2013,False,21.0,1.0,16+,110,suicide,https://occ-0-58-395.1.nflxso.net/dnm/api/v6/X194eJsgWBDE2aQbaNdmCXGUP-Y/AAAABQdym8_zz6vT7iPew-WleE9YZae7PaZUOm0ic12AxJEMxnKnT26OGFDnRS1wHivLqLA2y_fwXbFl2ZIlo3FwG40VXpF5j_HffKU.webp?r=818,https://www.netflix.com/title/80025266
80025744,Sense8,,2018,True,24.0,2.0,18+,1000,"violence, sex, nudity, language, substances, suicide",https://occ-0-58-395.1.nflxso.net/dnm/api/v6/X194eJsgWBDE2aQbaNdmCXGUP-Y/AAAABReuxoNw16BjKUUvp-gdY_5kBBaJeH7ALWP9LbaNkyIPyUrmh4Z6SohHTvTILUaYCg1y6Vu1JZxs28n6NveiblDHlVPfABPuRybuD_9oj93HCoD4T2l27vvDNMze7LWRD52t.jpg?r=e4e,https://www.netflix.com/title/80025744
80031715,Ted 2,,2015,False,,,18+,1000,"language, substances",https://occ-0-58-395.1.nflxso.net/dnm/api/v6/X194eJsgWBDE2aQbaNdmCXGUP-Y/AAAABekLG2BUrAVfUazsyADdQyzigF-xWJvmXQE4TnQ_MFjIOSa9BoWd6R-g-wcdPIk5iomDZJgVCi0CZFm7vWl-TVfwzNoWPJa_kjM.webp?r=1ac,https://www.netflix.com/title/80031715
80039394,Dragons: Race to the Edge,,2018,False,78.0,6.0,7+,41,,https://occ-0-58-395.1.nflxso.net/dnm/api/v6/X194eJsgWBDE2aQbaNdmCXGUP-Y/AAAABW90spGUWDGZKPlMd_CDOiuVHVbNx71EcPkui0eOIr4M9UuQ1dlI9D_MpnUMw3X-2nYzY5xnxOgB_qNtx4sWT5qSzTn_8LbAyD0.webp?r=e43,https://www.netflix.com/title/80039394
80045948,Assassination Classroom,,2016,False,47.0,2.0,16+,110,,https://occ-0-58-395.1.nflxso.net/dnm/api/v6/X194eJsgWBDE2aQbaNdmCXGUP-Y/AAAABXknKLR-zQwIXAwgwYYlxYlJHtLNQgVIfmL2RQ6a9jG0u568FMooLPvL4aTnW6qnb3Hovd_dqmUfLYhauA37y-XhIXCte_alxYQ.webp?r=f50,https://www.netflix.com/title/80045948
80049832,Our Planet,,2019,True,8.0,1.0,7+,41,,https://occ-0-58-395.1.nflxso.net/dnm/api/v6/X194eJsgWBDE2aQbaNdmCXGUP-Y/AAAABfPE9kACZoW3yvWAM0c9PUphcqRW7Sk8bYsSK-eBFMoZB2jO0jxWoqo-CYXtpdSHGdJVZKn5aj9kxk7ry3pEfW-CQdjGaYfPBRFDgJrUd69zq5V75E4TkTGIEfQXEpWrjgwy.jpg?r=5b1,https://www.netflix.com/title/80049832
80050008,A Series of Unfortunate Events,,2019,True,25.0,3.0,7+,41,,https://occ-0-58-395.1.nflxso.net/dnm/api/v6/X194eJsgWBDE2aQbaNdmCXGUP-Y/AAAABSVioWgKuQygLzql-SPLIbNYfN6zJqC-aI3FM4JBnUnzawrLFmJIYqLuKVSYpKmUu8RKwpt2XQk7-m4TuF82vA0QonRgQKMEurIMohARVhHddlZ9gf0yhGP8d63Cy8nfQW2a.jpg?r=9ef,https://www.netflix.com/title/80050008
80057177,Inuyasha: The Final Act,,2009,False,26.0,1.0,13+,80,,https://occ-0-58-395.1.nflxso.net/dnm/api/v6/X194eJsgWBDE2aQbaNdmCXGUP-Y/AAAABb1W9ahOKg7dMbEDdiq_hW-2L980L26D_FyHMp1tQWXUbWcxps4ANABEfi9oFnWiyeBbTdyrYjzjxCAoyp7v0kY3U3W7B_vlvnI.webp?r=16d,https://www.netflix.com/title/80057177
80065386,Supergirl,,2021,False,126.0,6.0,13+,80,,https://occ-0-58-395.1.nflxso.net/dnm/api/v6/X194eJsgWBDE2aQbaNdmCXGUP-Y/AAAABaHsKbvgLZQ9O9EirsB9LX7kO8r12wNtk14dw74bmfTqfTfGjPqjq7j0zfE3RHfXtDudZvKhnlAVdSSNv8fjml0kEgd_2z0nMnI.webp?r=265,https://www.netflix.com/title/80065386
80066080,DC's Legends of Tomorrow,,2021,False,97.0,6.0,16+,110,substances,https://occ-0-58-395.1.nflxso.net/dnm/api/v6/X194eJsgWBDE2aQbaNdmCXGUP-Y/AAAABa7M-Ez-RkYHbYF5N1grMTjW7mGRP3584GEZmieKYntkkPN6tsW58lOnnS731fdajY-zgz4giEgoSzTYuwEE8QuDGCoWfpItPe8.webp?r=d6e,https://www.netflix.com/title/80066080
80066227,Crazy Ex-Girlfriend,,2019,False,62.0,4.0,18+,1000,"sex, substances, suicide",https://occ-0-58-395.1.nflxso.net/dnm/api/v6/X194eJsgWBDE2aQbaNdmCXGUP-Y/AAAABSt2Bgppd6KyVdT7rNtVnTjWBk1TBBS78wDT_cZFIrObRlIqA59_2Mq6xJXpAd4yyAzhDKmyA9UzhbmVCfIphl23PkjoKraFKP8.webp?r=0c2,https://www.netflix.com/title/80066227
80075820,Trollhunters: Tales of Arcadia,,2018,True,52.0,3.0,13+,80,,https://occ-0-58-395.1.nflxso.net/dnm/api/v6/X194eJsgWBDE2aQbaNdmCXGUP-Y/AAAABeQKiImCcBQiaegkECPFuO5AjV2D_dmKTAUK_PjD-hlW8gNoiLlAUgvLESrpn42wGoIRGYPdLa2_DmENGasLq4_a1JPiqZjRmToCMbEPY0dkqmbKL6a5rkoLC57GY-MYD_l7.jpg?r=d40,https://www.netflix.com/title/80075820
80075946,Attack on Titan: Part 1,,2015,False,,,18+,1000,violence,https://occ-0-58-395.1.nflxso.net/dnm/api/v6/X194eJsgWBDE2aQbaNdmCXGUP-Y/AAAABWkG4YTJJA4JnPZfZlIx6IeCWA7Kh4A7bB0PLk1Y_TT3MfHIjLpDLbfciq1wd8OMUASzdnQjQwulLCF08DxdzrdMFHgqIOdhOP0.webp?r=d43,https://www.netflix.com/title/80075946
80075947,Attack on Titan: Part 2,,2015,False,,,18+,1000,violence,https://occ-0-58-395.1.nflxso.net/dnm/api/v6/X194eJsgWBDE2aQbaNdmCXGUP-Y/AAAABV4a6c4gpSb9p7e8CMz57btKmzzzEFC8TmdrzV5GqaY_3B6LX9Cc2eyXpaVFAfOMTmqok3ljGzQRNKP5OO8K3RFxSLg01QLjr-w.webp?r=419,https://www.netflix.com/title/80075947
80093138,Now You See Me 2,,2016,False,,,13+,80,,https://occ-0-58-395.1.nflxso.net/dnm/api/v6/X194eJsgWBDE2aQbaNdmCXGUP-Y/AAAABcW10ydGvmPuJvtLMFhUFloCAeEnbX2MgTi-W4aKey_VvzMZdABBhwHbj4mP_Y7U-War97j801jKbngjg2cAsg7PKDWxj8tesVE.webp?r=fb2,https://www.netflix.com/title/80093138
80094318,Central Intelligence,,2016,False,,,16+,110,,https://occ-0-58-395.1.nflxso.net/dnm/api/v6/X194eJsgWBDE2aQbaNdmCXGUP-Y/AAAABR6ZcRpS3J0olUXi-Q0PLwG2lpTEPO45X92pu7EzdiM_2fsrKjvOrvv-fMXeaSwP9WQb7kx2aLKBU7MdK1xQW71pswqS9ojYnGU.webp?r=d81,https://www.netflix.com/title/80094318
80095699,Easy,,2019,True,25.0,3.0,18+,1000,"sex, nudity, language",https://occ-0-58-395.1.nflxso.net/dnm/api/v6/X194eJsgWBDE2aQbaNdmCXGUP-Y/AAAABfQJqSvCDUVGkklgqvXfYyh6GpsxIWGXGobH-hq8k1RJc3r8x6eFi4V4VHn65g5p_Y3dJY7SshNOx7cYOztkKkJaEQ1S451RLHAlqhaMqKsboUiLdf2iwzZyxb1a_Gh2-RY5.jpg?r=e57,https://www.netflix.com/title/80095699
80096545,Roman Empire,,2019,True,15.0,3.0,18+,1000,"violence, sex, nudity",https://occ-0-58-395.1.nflxso.net/dnm/api/v6/X194eJsgWBDE2aQbaNdmCXGUP-Y/AAAABShRJ3NPa3MIGJNqS9J4lOpRxepkWbk-JlHe09V-eI31BEmeVx5hSaYgmVNCof586Jws25FYqsLlk5TQc17vIPLUy6Z2lTWeEj5IKpgRyKSs6obGXRdypP89UTLeOMGHKku5.jpg?r=662,https://www.netflix.com/title/80096545
80096630,Star Trek Beyond,,2016,False,,,18+,1000,violence,https://occ-0-58-395.1.nflxso.net/dnm/api/v6/X194eJsgWBDE2aQbaNdmCXGUP-Y/AAAABe_GECrwB8YO3hQJdLuP8ILDGNPHQ-01uNgqjbTkzl0z7HYioObyUds09m72ZslrTPBsJMniiVH3cyofDAJ0cZx8g_iz88hmvgU.webp?r=e5a,https://www.netflix.com/title/80096630
80097140,Altered Carbon,,2020,True,18.0,2.0,18+,1000,"violence, sex, nudity, language, substances, sexual violence",https://occ-0-58-395.1.nflxso.net/dnm/api/v6/X194eJsgWBDE2aQbaNdmCXGUP-Y/AAAABe6SGf_EmdirtWrVKCEw7I4Nrqiq87TzskvRafr5VphCdykhoV8Nipzf6aE7kG8tgQY9fVlNAdMnVMVU2yLENbAVbeNQWvTHDnqPdGbTkmRaK6KC1KUTUnPWuF3oSkOpK1Iw.jpg?r=c05,https://www.netflix.com/title/80097140
80098200,Spectral,,2016,True,,,16+,110,violence,https://occ-0-58-395.1.nflxso.net/dnm/api/v6/X194eJsgWBDE2aQbaNdmCXGUP-Y/AAAABTAm85ek3geoGRJvV-Ck9DYoaJk8bcGucysEDKHzBFDHvfrsmWAG6AQ-WfXJV-Zid0kU4mlS5TlaXCXaL9dr9PFVYtbBJr-jw7DreLaa2nY-qZLsLzBS11FBhR314Y4-_EO8.jpg?r=617,https://www.netflix.com/title/80098200
80103417,You Me Her,,2020,True,50.0,5.0,18+,1000,"sex, nudity, language, substances",https://occ-0-58-395.1.nflxso.net/dnm/api/v6/X194eJsgWBDE2aQbaNdmCXGUP-Y/AAAABckRdCVm5_ao3XsGU1kN7Nqbw5-NYcgoQmZsivnCoikLTBkWsXfULQ1T23dOdSmnEjIwm-S4Cl44r0ZXRm9wxMQ7aTRP2WG-j7Gei5KmxX-Thjs-eMdpFHy_zRDfb7B4FmBY.jpg?r=b1d,https://www.netflix.com/title/80103417
80103727,Storks,,2016,False,,,7+,41,,https://occ-0-58-395.1.nflxso.net/dnm/api/v6/X194eJsgWBDE2aQbaNdmCXGUP-Y/AAAABQOmaQOQ2K_MzgNRENkvWBSzaASZR0ghNTa-0nGTA102Ug6JbjyZDrn1pf3nTMk_zT8nZFjYSEQ6m0DUNDQuzFmm5gB6LqAHsG0.webp?r=cca,https://www.netflix.com/title/80103727
80104022,72 Cutest Animals,,2016,False,12.0,1.0,7+,41,,https://occ-0-58-395.1.nflxso.net/dnm/api/v6/X194eJsgWBDE2aQbaNdmCXGUP-Y/AAAABR2tAjqtWot8TdxEXefAbOiJH_ttg5Jy9lNS6CRl_YFzvGQZOH4VlRYh7PLHd67W7Xt_CLWRrIiahg_WTE5qQ41FyXT-ieL_Aek.webp?r=f00,https://www.netflix.com/title/80104022
80113589,Amar,,2017,False,,,18+,1000,"sex, nudity, language",https://occ-0-58-395.1.nflxso.net/dnm/api/v6/X194eJsgWBDE2aQbaNdmCXGUP-Y/AAAABZroi36Mw47z6gD1NsuNeUSzDL3-KmJdVYpqlEEqH16p1lhN2OmLahe9x5Zz7TFevTpKbY4-_zILxlGHtmUAGGNOFTkIs6tzKg4.webp?r=f85,https://www.netflix.com/title/80113589
80113904,Guilty Crown,,2011,False,22.0,1.0,16+,110,,https://occ-0-58-395.1.nflxso.net/dnm/api/v6/X194eJsgWBDE2aQbaNdmCXGUP-Y/AAAABW0ZDbOpSCRLxYHjloYBYXoalacjx4md37yFjW5ryzE9ui5UaWpsC0fuJXFmSfsTwlnOYDvMS9Is5-kago4OUdluxKT0P7lGZMk.webp?r=d01,https://www.netflix.com/title/80113904
80115466,BLAME!,,2017,True,,,13+,80,,https://occ-0-58-395.1.nflxso.net/dnm/api/v6/X194eJsgWBDE2aQbaNdmCXGUP-Y/AAAABZGNoM26hTa3NgIOPQQ-jTI24ODfb8_-45CUXSqC2A3CSPOmrHxKjuT6J3NiGcj9djMgR6EVicKqHQ49ouHtuTyfm0B08hpAishrJ3xtheJrVhxmy8ueIsmec-6xnHdaNZAQ.jpg?r=818,https://www.netflix.com/title/80115466
80115676,Hot Girls Wanted: Turned On,,2017,True,6.0,1.0,18+,1000,"sex, nudity, language, substances, sexual violence",https://occ-0-58-395.1.nflxso.net/dnm/api/v6/X194eJsgWBDE2aQbaNdmCXGUP-Y/AAAABTgRv3tskORjDYXoLkla9FnsYp0WCmhl9G0NFDSPuXxesZHiJf9uMtCFxm5k8rgDxCRp9LuFoGaPNe617mcx7t0M0lJ-G4rfa-pVzAaB03zggi23MDsb-VDN3xv02vD9NNp4.jpg?r=41a,https://www.netflix.com/title/80115676
80117540,Atypical,,2021,True,38.0,4.0,13+,80,,https://occ-0-58-395.1.nflxso.net/dnm/api/v6/X194eJsgWBDE2aQbaNdmCXGUP-Y/AAAABaQukhzVNyO3qTHBRq35m-suM3kwZRYClzND7Hs2BZfDZeugeWcTP4EQEtKMnqCCOWfxgfBC6_-rSUkX9SZ2TFHjNQ6ifgtwx8ZmKMX1ql_Blpo5-8LJVM4o0bPVGX4QI-mu.jpg?r=58a,https://www.netflix.com/title/80117540
80118543,Kingsglaive: Final Fantasy XV,,2016,False,,,16+,110,,https://occ-0-58-395.1.nflxso.net/dnm/api/v6/X194eJsgWBDE2aQbaNdmCXGUP-Y/AAAABRQf3hSNFvhIMK3qcf2E1br7PPbMjWIxpaJo3s6fygGyvtM-ipqjfAqApyO2NrfCkKxvJlzeeojj8O9O4O37hvGTPOvVN7lhbqA.webp?r=b43,https://www.netflix.com/title/80118543
80119234,Bright,,2017,True,,,18+,1000,"violence, nudity, language, substances",https://occ-0-58-395.1.nflxso.net/dnm/api/v6/X194eJsgWBDE2aQbaNdmCXGUP-Y/AAAABYzsXXY11f_xlGzygYrMCbADOdjq4D_xt98Z0rjj6GiIunjUq1RmtdX8bMdOhLzYd3YjZNf53Tf1KIVVCD1TG6IMJJMpZGohPwsQxb0e1wFVQ41IJ9RSJt3Su-Y9RlzKvKUC.jpg?r=658,https://www.netflix.com/title/80119234
80119426,Dirk Gently's Holistic Detective Agency,,2018,True,18.0,2.0,16+,110,violence,https://occ-0-58-395.1.nflxso.net/dnm/api/v6/X194eJsgWBDE2aQbaNdmCXGUP-Y/AAAABXpcHtPr7kH2EAv-bpYmbE6i34K5aCK6FDqKrGsnMvuaEx_c21tIvCf7AFsLy4yyQDJ-P5w0cSLNq7OomJjkgjnvlqOis1reUQT3mWTtWPXk1S7k3360YNKaLH5f_2PvBGg0.jpg?r=fab,https://www.netflix.com/title/80119426
80126646,MeatEater,,2022,True,44.0,6.0,13+,80,,https://occ-0-58-395.1.nflxso.net/dnm/api/v6/X194eJsgWBDE2aQbaNdmCXGUP-Y/AAAABUkBvLGhb0qcjDHvfFWQTbCRWn1U74dCoCSIwSxdfqt_6bDiLVO1tfdFTfUrAe1rZ6mVwzXT8GBnha9JYeIjdzod4xrMBdFGU7H8Z8DrwgMZlwtVwpvZAyrD_7q804TBEICW.jpg?r=057,https://www.netflix.com/title/80126646
80131659,Re:Zero - Starting Life in Another World,,2020,False,25.0,1.0,16+,110,,https://occ-0-58-395.1.nflxso.net/dnm/api/v6/X194eJsgWBDE2aQbaNdmCXGUP-Y/AAAABYy9rgE_uZy5DsQ5IPhri5ovC58gbDRIlZHGvH1G13IxSOtYjDy19NBY1_M375uZc-M0Vlnpw5xOgz0S1t2L2fdx-ZE0fTXjA_4.webp?r=9f4,https://www.netflix.com/title/80131659
80133493,The Dark Tower,,2017,False,,,16+,110,,https://occ-0-58-395.1.nflxso.net/dnm/api/v6/X194eJsgWBDE2aQbaNdmCXGUP-Y/AAAABVpE5ZhD4g8U-INyniM8uWZT0NiewE4zH0ifaGPoGHfI5AvBFm61VSCUOeBjyQIssUnAHecAjZW1KR2wkZRDU1hz4GfT9zDtwsI.webp?r=d8f,https://www.netflix.com/title/80133493
80133769,Gantz,,2006,False,26.0,2.0,18+,1000,"violence, sex, nudity, sexual violence, suicide",https://occ-0-58-395.1.nflxso.net/dnm/api/v6/X194eJsgWBDE2aQbaNdmCXGUP-Y/AAAABUSh-euWvlVXICOoRrG9Ct-dvHJGYUIRLidZ6JGrMaum6kMLJEoGuCockgJGtQ3qvBQNMPUguBw3gESeyRWfzjg37thpalFbUvw.webp?r=75a,https://www.netflix.com/title/80133769
80135674,My Hero Academia,,2021,False,115.0,5.0,16+,110,,https://occ-0-58-395.1.nflxso.net/dnm/api/v6/X194eJsgWBDE2aQbaNdmCXGUP-Y/AAAABVlIeIluYatbEluek_-buSqK2vlPr4cGyk3uXPz0WmaR2LyQGNIsWIIt0J3DmFS76E_-OBwbkNujlp-KCoYAiDsy982lttodhw4.webp?r=111,https://www.netflix.com/title/80135674
80141172,The Guardians of Justice,,2022,True,7.0,1.0,18+,1000,"violence, sex, nudity, language, substances, sexual violence, suicide, self-harm",https://occ-0-58-395.1.nflxso.net/dnm/api/v6/X194eJsgWBDE2aQbaNdmCXGUP-Y/AAAABVW7DhKB5sc05c-34aPfmvmdEENvsPXKUST6NQylekS75_tcNMixtxZmK5P8wwlQLfZaW6W7ytNrTiospkU1r9DYRYwMrp6LRGuSXYlqY-P87xJKadR5wZLxt-nnDapeCwhU.jpg?r=7c9,https://www.netflix.com/title/80141172
80142058,Naked,,2017,True,,,13+,80,,https://occ-0-58-395.1.nflxso.net/dnm/api/v6/X194eJsgWBDE2aQbaNdmCXGUP-Y/AAAABba4758Eo2bai3qvPU9jrfBDgqFAzHKGFdNti16hCTqXVUpE_Vunfx7bEYD5bpi5GZtwYD3Qa1iaeYDXr69vR23MirmVKaq-wysTlvAxfTNXk4UDFUjzSRew-spaUyZj4nzH.jpg?r=633,https://www.netflix.com/title/80142058
80147425,L.O.R.D.: Legend of Ravaging Dynasties,,2016,False,,,13+,80,,https://occ-0-58-395.1.nflxso.net/dnm/api/v6/X194eJsgWBDE2aQbaNdmCXGUP-Y/AAAABcSPVbnvp64WNv-okllODWxmHAl6OKWLUtev0ERutBlM4848aj-mtrOmp54czkb0nffp8Uk2nxr93_zhLxBElg-tH7wK-bisKlc.webp?r=1c0,https://www.netflix.com/title/80147425
80148535,The Dark Crystal: Age of Resistance,,2019,True,10.0,1.0,7+,41,,https://occ-0-58-395.1.nflxso.net/dnm/api/v6/X194eJsgWBDE2aQbaNdmCXGUP-Y/AAAABVzdeFSu_eZfoZkjrRVEH5z0KicbbUYmiVRtCcF4JRjnjCuaUCnPxxuW7RJuEd9715f3UZ-lUZ0WRD7e7AswzDmg8_ZUCzzf3qoi3pr-oHBaX-hFefeARIOcYw7ugrOMZr63.jpg?r=d0a,https://www.netflix.com/title/80148535
80161029,Sahara,,2017,True,,,7+,41,,https://occ-0-58-395.1.nflxso.net/dnm/api/v6/X194eJsgWBDE2aQbaNdmCXGUP-Y/AAAABadluYfiBZfcNEZ08eiRo4YC6wiFl7JVh0uw3gcX4iuAi6Vt-_PQqOMPWMNl-aht2nE8dEEdAGGtjXXItgpfmXxopJTeoh5skJXh_gHFY4mDvD66vA1MPXyWxYkiDDXKDwdu.jpg?r=53d,https://www.netflix.com/title/80161029
80165247,72 Dangerous Animals: Latin America,,2017,True,12.0,1.0,16+,110,,https://occ-0-58-395.1.nflxso.net/dnm/api/v6/X194eJsgWBDE2aQbaNdmCXGUP-Y/AAAABYvr51TEgeSxrP9_9jDlJw1ZO0YOr8T_Tvo6QPsL5cnfvaPezfay36ULxRSY65HPBL-hUcv0BZ0uoloQ2z5SAken7L5TpWVcljqmMB6yUtgonQOx0_4CHVdiUApRtQpHM9Mw.jpg?r=bf4,https://www.netflix.com/title/80165247
80165437,72 Dangerous Animals: Asia,,2018,True,12.0,1.0,16+,110,,https://occ-0-58-395.1.nflxso.net/dnm/api/v6/X194eJsgWBDE2aQbaNdmCXGUP-Y/AAAABbkqD-YPlUbFXBsGiszYNMW5vg7v1GYfB5ILrBqLYDhcP0vQh9-fbKyAWLS7n6GfV2xUrOiwjDgKTSedMfW_G8a8bunVyLf1H_RUsPGLdAVLSuZLWCppNrQ4Ijf5yQDKjqaH.jpg?r=4f9,https://www.netflix.com/title/80165437
80172958,Newness,,2017,False,,,18+,1000,"sex, nudity, language",https://occ-0-58-395.1.nflxso.net/dnm/api/v6/X194eJsgWBDE2aQbaNdmCXGUP-Y/AAAABYEmMrI_HETQpDQCXXkvpLJ5-Fvrdnxz1Fi9QzWK9arH4nRch07OP7-PbWOu_lV8AbeHQWAZrwq3LPx-Mi4JHjKroceWPLjlMzM.webp?r=bb5,https://www.netflix.com/title/80172958
80174177,What the Health,,2017,False,,,13+,80,,https://occ-0-58-395.1.nflxso.net/dnm/api/v6/X194eJsgWBDE2aQbaNdmCXGUP-Y/AAAABcDor1H-YM3kQZR1hzq-0-vd6Bq7WIwMaNBW-Xz9ioDKVJSFmepp7thx36lBuSmAJSSRW26SjOtLEfq6qDfs-N6qhO5-tJaCq0s.webp?r=8b0,https://www.netflix.com/title/80174177
80174974,Devilman Crybaby,,2018,True,10.0,1.0,18+,1000,"violence, sex, nudity, substances",https://occ-0-58-395.1.nflxso.net/dnm/api/v6/X194eJsgWBDE2aQbaNdmCXGUP-Y/AAAABSSGOQLQo-0rsRXmH4A8ZX6jCL9pXyZoGDx8SEoGe8Gz59dwahFV6KZaaalT-uvv7rtPXl8hfnYmA1Wy7iDFNAJnoU9f0v2VQS62hUDsNOx1GvVJ6RD9ZgnyIBKpoCsngU3x.jpg?r=b72,https://www.netflix.com/title/80174974
80175350,SWORDGAI The Animation,,2018,True,24.0,2.0,18+,1000,violence,https://occ-0-58-395.1.nflxso.net/dnm/api/v6/X194eJsgWBDE2aQbaNdmCXGUP-Y/AAAABQCryL8Y6R9q6BZB2LtxEnBCQ_Pk2bQkLxtOCvphzN1739Zdcl7WHE_7vJUsXUQsg0SG_yxc96dBErVmWamMN3cAmOgpu6jZU9xfcZJfI4rPxflnXmnHdPR1AGeKKEXeh2NT.jpg?r=5bb,https://www.netflix.com/title/80175350
80175351,Kakegurui,,2019,True,24.0,2.0,16+,110,sex,https://occ-0-58-395.1.nflxso.net/dnm/api/v6/X194eJsgWBDE2aQbaNdmCXGUP-Y/AAAABQkzezCjuSMVLtkXBvSVnTz2EB709DhR9TTUCWcyoN6r2s5Fs92-ekjrRZ_bZAn_GoSxd32ZWDA2d7VrQrbHlNowi3xLa7msPZa62PFHMfdIijwgH9mLI99BY1cqAVZ6FJoB.jpg?r=f3e,https://www.netflix.com/title/80175351
80177458,Snowpiercer,,2022,True,30.0,3.0,18+,1000,"violence, sex, nudity, sexual violence, suicide",https://occ-0-58-395.1.nflxso.net/dnm/api/v6/X194eJsgWBDE2aQbaNdmCXGUP-Y/AAAABdcz0BNY2xvwfO8TG62TLa9oJ4vvuNJ-RNAUg0t3QcimKtID0EclFtUhkKtxQH5ziiZhfcuGAgIy-MEsFl_gJ56gVVoRW-aXDLsol4dGCAWuTYUyOr2oA9rMwuqGFq_XhMAN.jpg?r=34d,https://www.netflix.com/title/80177458
80178687,Black Lightning,,2021,True,58.0,4.0,13+,80,,https://occ-0-58-395.1.nflxso.net/dnm/api/v6/X194eJsgWBDE2aQbaNdmCXGUP-Y/AAAABYlMg4m6zsRlNQgUtdOcbnGrBuAYf7ymIXMw5CZZdZbsrMErN7FZ-0Lmj4AsBGE-vlhiQjjlTb5vjykR5cOLEOVJiiluB5fdaYee7hSAykfNgut30R-lannTA8Vst4a4MqF-.jpg?r=6b4,https://www.netflix.com/title/80178687
80183051,7SEEDS,,2020,True,24.0,2.0,16+,110,"violence, suicide, self-harm",https://occ-0-58-395.1.nflxso.net/dnm/api/v6/X194eJsgWBDE2aQbaNdmCXGUP-Y/AAAABZ10gJiVHJTcG_q-ahzkkXMnYCy5izG3E_RcxVVNkNBpUq36JpcChjL0_E0qROejzPuC1Bj9DaZxYWhy1D7O1X0gwBaYwKu48muIrLmV_nYepjWjQCnhBHXiwQerYiU8dyMr.jpg?r=2b0,https://www.netflix.com/title/80183051
80184682,The New Legends of Monkey,,2020,True,20.0,2.0,7+,41,,https://occ-0-58-395.1.nflxso.net/dnm/api/v6/X194eJsgWBDE2aQbaNdmCXGUP-Y/AAAABdGrDildY2DMd6khi42YBBRRZ18F-nonx9NzqMELXb-GzwcBAay8p28Tjrt3LUkHnFSEw2DEUHi0ks6v8FXamIiyUJSxP_PI-zKiRSL_VNNKNcAe2tiRFm8LrdL7zdnkGiyN.jpg?r=396,https://www.netflix.com/title/80184682
80184771,Inside Bill's Brain: Decoding Bill Gates,,2019,True,3.0,1.0,13+,80,,https://occ-0-58-395.1.nflxso.net/dnm/api/v6/X194eJsgWBDE2aQbaNdmCXGUP-Y/AAAABc6xWum5k_4BZb3N29sTn4XEqDiLCCvHEbPYRvjwK52wsuGQM5dkAa4x6TdVS3vTmqN1u-HR6xu2Jt8CtE_-25FVU_edsB81Tkbpq0ZWnjtIH5AffIA69oByhKpmJ221gHFb.jpg?r=d1b,https://www.netflix.com/title/80184771
80186926,SAINT SEIYA: Knights of the Zodiac,,2020,True,12.0,2.0,13+,80,,https://occ-0-58-395.1.nflxso.net/dnm/api/v6/X194eJsgWBDE2aQbaNdmCXGUP-Y/AAAABW2LQB4Tyx2dHFENsxvyzYICkbwgI5Tq1hOd0MWVw6b_6y5tNUxI7V-sTEQoeafV2W_tiy-qgrNJJVNEFvo-N2p1V45K1sBTU8Smw33fs36Jg0vIQ5fqLEx4sVLL2RH8T4y8.jpg?r=b3e,https://www.netflix.com/title/80186926
80188471,She was pretty,,2015,False,16.0,1.0,13+,80,,https://occ-0-58-395.1.nflxso.net/dnm/api/v6/X194eJsgWBDE2aQbaNdmCXGUP-Y/AAAABSRFP8jSpN3FyHutgQ_5JRpAhfCdw_EsDuJs_U1EsHWFCDJ7dsMd1syDqLGlCuWC8WFgURgGBljqEDgHLT1cmRbQDpaZY4c3KUw.webp?r=025,https://www.netflix.com/title/80188471
80189685,The Witcher,,2021,True,16.0,2.0,18+,1000,"violence, sex, nudity, language, substances, suicide, self-harm",https://occ-0-58-395.1.nflxso.net/dnm/api/v6/X194eJsgWBDE2aQbaNdmCXGUP-Y/AAAABYdfUlBvwOq8man9L61DWb8MCZjQpnDjL0DzJ3UPkjk8fUTFu7884_zasTq5XoaZFtNatGPPmvGSKm2J499mL5UTyqa-tyPF0iTi2k4YLzm2YR--TyLyKti6u56arPogGRH8.jpg?r=127,https://www.netflix.com/title/80189685
80189829,The Protector,,2020,True,32.0,4.0,18+,1000,"violence, sex, language",https://occ-0-58-395.1.nflxso.net/dnm/api/v6/X194eJsgWBDE2aQbaNdmCXGUP-Y/AAAABZZUhxdZBFvGbwT8u1D56LxQIBsvcmQ-6HxU6dWAXuN_iCzczxncvWfUHNS6A7544biQIN6b8FvbPbcJe7sdY3aRU5j8Pz3X4mPlDkgyhNlBO8-GUAhT8-vlkPEMlwJQIHZN.jpg?r=756,https://www.netflix.com/title/80189829
80190911,Resident Evil: Vendetta,,2017,False,,,18+,1000,violence,https://occ-0-58-395.1.nflxso.net/dnm/api/v6/X194eJsgWBDE2aQbaNdmCXGUP-Y/AAAABT1R9sA5zh2_5rbmB5Ig_l0Tv9Dq0RX2xab2t9TfEshtBGDpwGAKr6BPTbHvG8WCWQ8pVcb-dtcFkv5Rqr-IeoaPHJYWDbHSU8U.webp?r=ab7,https://www.netflix.com/title/80190911
80196613,12 Strong,,2018,False,,,18+,1000,"violence, language",https://occ-0-58-395.1.nflxso.net/dnm/api/v6/X194eJsgWBDE2aQbaNdmCXGUP-Y/AAAABXjbFVVkYEyqn7gVJuxUXQ7ieYi-gC08lSIHs1LtMGUfuSsR64hYa2XWuMsABz5IJcEouusS3kve_gosxv7x4FEBVtGXwOLuAz0.webp?r=71b,https://www.netflix.com/title/80196613
80197462,Daybreak,,2019,True,10.0,1.0,18+,1000,"violence, sex, language, substances",https://occ-0-58-395.1.nflxso.net/dnm/api/v6/X194eJsgWBDE2aQbaNdmCXGUP-Y/AAAABaWD_ACtYSyZJAzIRPNergf5WE18b_2jZ6jYMc1T6timgmatlNWyAPbJz5ix0_0_K9ud1aAFTlu2K_7XTQZvPnZDSi4lAg33RkKP_r6CWGG9Ub3jwd7TBiQ_3Zdcspc9c7kt.jpg?r=534,https://www.netflix.com/title/80197462
80200573,Charlie's Angels,,2019,False,,,13+,80,,https://occ-0-58-395.1.nflxso.net/dnm/api/v6/X194eJsgWBDE2aQbaNdmCXGUP-Y/AAAABW0sLZwj-2Zw6Oh0hLEwER0EjtZsOgrzvQOZxPKFMrX91lG5Ek7ncpXTlXutk7WqCVPAI2m37NDxYfpiPgal4WOjAjNEIs1qkH4.webp?r=5a6,https://www.netflix.com/title/80200573
80204889,Dating Around,,2020,True,12.0,2.0,18+,1000,language,https://occ-0-58-395.1.nflxso.net/dnm/api/v6/X194eJsgWBDE2aQbaNdmCXGUP-Y/AAAABY5Snqe1VkV0nGwNqNzpmpsHY8lxupMkDS-s2hZeVtnU02bU7bD72GhRd0_yEKfLIaRZRgfU8r3yzT3Vlr1vHLEdRtq1UxzYarBpA50os3EL6tbDQ6Pfjbr-UFjA4xG6lXX3.jpg?r=1f1,https://www.netflix.com/title/80204889
80206300,Annihilation,,2018,True,,,16+,110,"violence, sex, language",https://occ-0-58-395.1.nflxso.net/dnm/api/v6/X194eJsgWBDE2aQbaNdmCXGUP-Y/AAAABUXJGjYwH-bQd44qHpNsYvcVjS5ughscN45BhaiXtVDl7POgEX1NQRuRhgmWwcAa5wjTmPGaBWlAOqxmbGzlKs5edRwfKWncqkocHaYgHygBFVYlZVMnXxuWmHcQgGAGec7y.jpg?r=a1a,https://www.netflix.com/title/80206300
80210995,Back with the Ex,,2018,True,7.0,1.0,13+,80,,https://occ-0-58-395.1.nflxso.net/dnm/api/v6/X194eJsgWBDE2aQbaNdmCXGUP-Y/AAAABX96RNvEB6hiIwt73Tyn-GSPeY-CmNn1owKzmg5Omof83h8SIzrM6-F8OL3agqvURIMjpnLajzRdbjJe3RLIyb4yUJ9A9QgtDudekt3iTs8OTk0HEh2FZGeOlPuEUYu4Gh_y.jpg?r=fad,https://www.netflix.com/title/80210995
80215997,100 Humans,,2020,True,8.0,1.0,13+,80,,https://occ-0-58-395.1.nflxso.net/dnm/api/v6/X194eJsgWBDE2aQbaNdmCXGUP-Y/AAAABTXILgNusULPuVrPVLHFiaQB6o0hkf3P8rSPHWVrhxWDn8yBs-lI3CJISxQGkad3PwTmEDpMX1xbgs_qxVyKJX85ZABt6XihKd0ivriVFeGtsiXtow31sW-8S6fcHa99ZQo2.jpg?r=dd4,https://www.netflix.com/title/80215997
80216200,Kate,,2021,True,,,18+,1000,"violence, sex, language",https://occ-0-58-395.1.nflxso.net/dnm/api/v6/X194eJsgWBDE2aQbaNdmCXGUP-Y/AAAABe0US7C1NqgH1wxvUa8rkW1ZkeVqViFtc7hdGb-zprVnRfV8M3hvUAilMife9ZH70fdRWpFvb_h9py8WLMRPzc22t2JAwROPF8B5ZNy0EqFk2vpekrUk0ZickaJxhF1_Rk4T.jpg?r=d8c,https://www.netflix.com/title/80216200
80216752,Explained,,2021,True,44.0,3.0,18+,1000,"sex, nudity, self-harm",https://occ-0-58-395.1.nflxso.net/dnm/api/v6/X194eJsgWBDE2aQbaNdmCXGUP-Y/AAAABR3KO7niwfCRw21EgkXCZs5faesty38CNWXJapDzTeXJ_BTrBtK1YsmUAaCZXfy3xx5qUBCXQlt9hIVmUHmnSoh2tBaJlf9uJ-T7cAAx5nGatJnQ7gQ8ee8ngOCoFZYRoj2k.jpg?r=fb3,https://www.netflix.com/title/80216752
80217733,Bleach,,2018,True,,,13+,80,,https://occ-0-58-395.1.nflxso.net/dnm/api/v6/X194eJsgWBDE2aQbaNdmCXGUP-Y/AAAABaz1Xg_okWkGhE_JB4TNtWtS1O0ASIx0e8engblFW33H5v7QD_D2KLkUpBpTGFEYtcuW_PvkqDgnJtLUUejCbSSZfV8pXqOzlx1lLnBgO3FXK-HRJ-cZJoj-WqH1jLf0WER9.jpg?r=d2f,https://www.netflix.com/title/80217733
80217779,Marianne,,2019,True,8.0,1.0,18+,1000,"violence, sex, nudity, substances, suicide, self-harm",https://occ-0-58-395.1.nflxso.net/dnm/api/v6/X194eJsgWBDE2aQbaNdmCXGUP-Y/AAAABfsG2AOSo3ezArgzPjltxnPKadQN_Tz-3RM4erD5E2FTvHb-g5fHaCO9fBuvrZe7XmuYsKKX0G0O6bRjF5vEaa_vnVZPqxuXaQaeWBN0OwKCkwNHduwt60mzEUYnYf1jfiC_.jpg?r=496,https://www.netflix.com/title/80217779
80218938,Night on Earth,,2020,True,6.0,1.0,7+,41,,https://occ-0-58-395.1.nflxso.net/dnm/api/v6/X194eJsgWBDE2aQbaNdmCXGUP-Y/AAAABZNfk1yUb6ejzRAZjmvcWqzFTAHgzMF-KV5F5lJHrbkfqRMjMGnsQycfAG0Nv0Neae1QzFWVNVdCQjnSUe-JcJm-38_jLLeQY0jj4GEzyZuZ-8Lemw524SmffXRDgiF4ohxq.jpg?r=4c1,https://www.netflix.com/title/80218938
80220679,Fate: The Winx Saga,,2021,True,6.0,1.0,16+,110,language,https://occ-0-58-395.1.nflxso.net/dnm/api/v6/X194eJsgWBDE2aQbaNdmCXGUP-Y/AAAABdmcvfALcShv677ilUCKMam7gukZ0E8lL8dVAEOt0qEwtfHqBS7G2dYvBmKz3UkkZQB1oEtaI25uoXVyDcaXIjLbePiYspohg0V_DJdYuaxdLLgQSEOPcBFnfSTLe4V_QYTl.jpg?r=590,https://www.netflix.com/title/80220679
80221410,Alien Worlds,,2020,True,4.0,1.0,7+,41,,https://occ-0-58-395.1.nflxso.net/dnm/api/v6/X194eJsgWBDE2aQbaNdmCXGUP-Y/AAAABW_q9VuUeoDabj9H8uu7FzblYRhxEV4Q8cdFeh4EQxZF5XTydAWnZ_-w9_H0zYNQ6dORtf0YDso6a8qBhPh1kWq4Kkva0PClnSLZ-xm8d_NaH6PbrMFDZRRkmTfM9_gQa-oB.jpg?r=a21,https://www.netflix.com/title/80221410
80226370,The Thousand Faces of Dunjia,,2017,False,,,13+,80,,https://occ-0-58-395.1.nflxso.net/dnm/api/v6/X194eJsgWBDE2aQbaNdmCXGUP-Y/AAAABT4ubiyaoHL8VnJDbrCv11XDLttv2xczx0GB-1Vu86cB1x0DhgOybQO43VYf3pUG_6l4PD6_qjr-iYi66QTJQR3LXNhCl6ZRm2Y.webp?r=b96,https://www.netflix.com/title/80226370
80226424,Psychokinesis,,2018,True,,,16+,110,language,https://occ-0-58-395.1.nflxso.net/dnm/api/v6/X194eJsgWBDE2aQbaNdmCXGUP-Y/AAAABcz1TdS_eJk78U-76ia-soqtdTPN5J_NgGuuv58Brbk085Vlq8zw_QW3Cai7S1lj4VTkXq6kdnSfuMcvUVuWgBzifOw_WyMLGrWQFTNmmKRK5uSkLizk-xDgt41zIJzjFwqo.jpg?r=a56,https://www.netflix.com/title/80226424
80228274,Teasing Master Takagi-san,,2019,True,12.0,1.0,13+,80,,https://occ-0-58-395.1.nflxso.net/dnm/api/v6/X194eJsgWBDE2aQbaNdmCXGUP-Y/AAAABfaOPh6wfJRrHN0EHifnHq2H0ZkXVwveTAaQfozP2UpDgJhEMx6HoL5Z00lfLLzxddrMsCyRbiCE0AuKCiMRxXdDgafePY3HyIPAX5eTtHBzrqOVlNzFjYTeCnKB8t6gyRhW.jpg?r=0de,https://www.netflix.com/title/80228274
80230293,Wu Assassins,,2019,True,10.0,1.0,18+,1000,"violence, language, substances, suicide",https://occ-0-58-395.1.nflxso.net/dnm/api/v6/X194eJsgWBDE2aQbaNdmCXGUP-Y/AAAABRKi0n9iA4D_-lutJHi9dD5tMnIA8AMuHOWJm0Yox27aBKQ2ARk5yV5sfoSvc7CsP5O8GO6UHofwnVcEL1TnOMESSXTDJYgdwUhOQx79hmPGfYXsgB8B7y-S4i_yRaCbSs2R.jpg?r=8fa,https://www.netflix.com/title/80230293
80231373,Ultraman,,2022,True,19.0,2.0,13+,80,,https://occ-0-58-395.1.nflxso.net/dnm/api/v6/X194eJsgWBDE2aQbaNdmCXGUP-Y/AAAABUvgYuieyYVODtvi5eoN-RHLknG7BdXf8rbeEZL829GG2F7N7kXwjqWeWr2BZB9p6dTrXs2tejg3LN4LJOHdYaBYSri7Tf2zSUmCKrkPu_ph_l3hghuWcqZGRX_Bj-X-9d_4.jpg?r=4b6,https://www.netflix.com/title/80231373
80231942,Citrus,,2018,False,12.0,1.0,16+,110,,https://occ-0-58-395.1.nflxso.net/dnm/api/v6/X194eJsgWBDE2aQbaNdmCXGUP-Y/AAAABY4ADuKdYNcvw3f1y9jl7DnjdeAwvTpf0QXsdzmt-XNoJ7k1xHPSpPDITlYxueLez589S07oGT-F_iozQn43AfUu_nKG6uCU_fY.webp?r=173,https://www.netflix.com/title/80231942
80232279,Gnome Alone,,2018,True,,,7+,41,,https://occ-0-58-395.1.nflxso.net/dnm/api/v6/X194eJsgWBDE2aQbaNdmCXGUP-Y/AAAABVC2m7EE04BzEPBY2idyP1Ik1U6cRz0Zi2CCJtJLpeMd-DGXMg7HDRa3eLN4lkcGtdwItYs1Mbk8XhGbEoKF9SxwVDwI1VS-wE9iF2gnHuY5833RFsTZWznPwra09ZePsiJp.jpg?r=25d,https://www.netflix.com/title/80232279
80232926,Ragnarok,,2021,True,12.0,2.0,16+,110,"violence, sex, language, substances",https://occ-0-58-395.1.nflxso.net/dnm/api/v6/X194eJsgWBDE2aQbaNdmCXGUP-Y/AAAABU9RvlpoUzd_4p_WtWrUJbTGjJT15w8GAn3me-h8l9bRBDMIhA0FMG5oeXaVf8DOi-r1zljdmknk9j0DUwfs8edJzH268J9R-MOkQHVXu5nQMSDtjpLI1bj2l1oUFULnnWNN.jpg?r=ebb,https://www.netflix.com/title/80232926
80233374,Brand New Cherry Flavor,,2021,True,8.0,1.0,18+,1000,"violence, sex, nudity, language, substances, animal harm",https://occ-0-58-395.1.nflxso.net/dnm/api/v6/X194eJsgWBDE2aQbaNdmCXGUP-Y/AAAABT0Ikls41bqcCyvjiK-6wJ5Gw9Igu029N1erA9l8TH7Xuj0BJcR-BlZUWDyxicTHqHNX2pOWCQxwng2XKKAuIobtYqgnCwosgrDGPTbUKxbbC0Q3899BkvE1a4wNHLkQZGiP.jpg?r=2e1,https://www.netflix.com/title/80233374
80234491,Flavors of Youth: International Version,,2018,True,,,13+,80,,https://occ-0-58-395.1.nflxso.net/dnm/api/v6/X194eJsgWBDE2aQbaNdmCXGUP-Y/AAAABTJw31ZySB5rgXJHRXhI6YM-M0o_Qm84d5ZOB9kHJ8a8TsCN4sDvXc-FkH70ZFKkNo6cRcmeAa5hoLcgoMn3-7dhxQNdQLAA6rwgmK46Ar9c7dThxhzm7CBtaEFrD_9esqPe.jpg?r=5c1,https://www.netflix.com/title/80234491
80236236,Another Life,,2020,True,20.0,2.0,18+,1000,"violence, sex, nudity, language, substances",https://occ-0-58-395.1.nflxso.net/dnm/api/v6/X194eJsgWBDE2aQbaNdmCXGUP-Y/AAAABeGWA_5chQfMuIW-0j5SApGSSjIamJTAS8hd2iK48rF28JMjULTuBlIxv5rRWtgM_MuQV5jsFNZ5i7f-zAULXtJWV1PWIaXu2-1Y1aMNVF4r6lRq5roIbptKI5ABHQyLR_sS.jpg?r=483,https://www.netflix.com/title/80236236
80236319,Shadow and Bone,,2021,True,8.0,1.0,16+,110,violence,https://occ-0-58-395.1.nflxso.net/dnm/api/v6/X194eJsgWBDE2aQbaNdmCXGUP-Y/AAAABRoLR77il6wxPVfHMXVXVJ4Rxs2vPxLhXX2hmdHJ_0pD9q5-ckImi298Qyjo68BxKcmjOoBAG4Sx38aDv0KA6oY9q_cUdn4MoQCt34T9FVBFfDtzeVdiVw3jjrGX4PpuUcL8.jpg?r=749,https://www.netflix.com/title/80236319
80238399,The Sleepover,,2020,True,,,7+,41,,https://occ-0-58-395.1.nflxso.net/dnm/api/v6/X194eJsgWBDE2aQbaNdmCXGUP-Y/AAAABfx53jD4ZSo-cWTudNF1fK5ekeKuy_eaQeE9A0tgIL-eWq5NMlYCH8G5FqxG0iIQ33EEYc-_DEATqUFeRs2L-HkWRWvW-zfqlX2E7bne71ChAV2qxvc0J_kphsW_9MkWvfoe.jpg?r=b22,https://www.netflix.com/title/80238399
80240027,Virgin River,,2021,True,30.0,3.0,16+,110,,https://occ-0-58-395.1.nflxso.net/dnm/api/v6/X194eJsgWBDE2aQbaNdmCXGUP-Y/AAAABdBEiGsFShaeCuchudKcrb7InS4JSDyLY6ETKLi9nNaE5-0UVHYRrdLk47lBWriEQrktonykTOQaVw-1D01GGo99NKYG8MpJD0XLsZEmoE3L8tP5NbQH6QPuYdpCDTaIhidE.jpg?r=22d,https://www.netflix.com/title/80240027
80241234,The Ghost Bride,,2020,True,6.0,1.0,16+,110,,https://occ-0-58-395.1.nflxso.net/dnm/api/v6/X194eJsgWBDE2aQbaNdmCXGUP-Y/AAAABZKOhH--5gDYMEMcoplTytJGbKaPEylt1dBxIwXlSy2fEu5g8HxyTXdTM2dO90Ib93cDBFvBqnqoT-ePKFT6QsR5HRl_8Z2ABtvi_ss3Yh7fZfDw7wmyUrogOJS0iWlry9av.jpg?r=648,https://www.netflix.com/title/80241234
80242292,The Stand-In,,2020,True,,,18+,1000,"language, substances",https://occ-0-58-395.1.nflxso.net/dnm/api/v6/X194eJsgWBDE2aQbaNdmCXGUP-Y/AAAABQ3684vjqumH_EzGBRas8-_Mf7VtlzSf3mKPzH2W2lkMjbZpqB5Pe2NelmXVe2zVzmKPrrPDa8_V3anbYiX9eQ-SnFoqXcdO4RKDTdSC6y_Y2RL7IS74woFPsPQlUjccKRVI.jpg?r=48e,https://www.netflix.com/title/80242292
80244088,Eurovision Song Contest: The Story of Fire Saga,,2020,True,,,13+,80,,https://occ-0-58-395.1.nflxso.net/dnm/api/v6/X194eJsgWBDE2aQbaNdmCXGUP-Y/AAAABRhLxM0AJHHmnP-saHrwrRy1wqRahJjJfS_ovmumg0Qz0nBhmOIFqdrY_6kUMWmryScTQ36ZJ6-AYs3FofTPp1HZCKnd3Y8-CegFypv6ZYeqeHrGnNXpZLAEJnUnhyzY-dD2.jpg?r=ecf,https://www.netflix.com/title/80244088
80244283,Maya and the Three,,2021,True,9.0,1.0,7+,41,,https://occ-0-58-395.1.nflxso.net/dnm/api/v6/X194eJsgWBDE2aQbaNdmCXGUP-Y/AAAABR_6vkzbfatd1-2LPBmCLTKny_z21Y62XeXQJbvMNXxJvQgZAO-L7BSAaryK8vRLB4eNCVLZI3Bb0Umud7y0NQBmxWi2qm1OjhXtpMA2DBbsQ8T1zhqvomoct7wwVDnc9itu.jpg?r=0ca,https://www.netflix.com/title/80244283
80986797,Forest of Piano,,2019,True,24.0,2.0,13+,80,,https://occ-0-58-395.1.nflxso.net/dnm/api/v6/X194eJsgWBDE2aQbaNdmCXGUP-Y/AAAABYWhy7d6KAAwKdh4-BBwK5aW0BJcM9aYJOoSkKRci6QO0hfNck69iLvriA7Q9hXLGjF-0CZTcKBQRxsUIaUf-E4xCfMuYDojW6ScdAZJcReMpmGPO_Bpw9ZrbKpF5y-trh8Z.jpg?r=53e,https://www.netflix.com/title/80986797
80986896,Love in the Moonlight,,2016,False,18.0,1.0,16+,110,suicide,https://occ-0-58-395.1.nflxso.net/dnm/api/v6/X194eJsgWBDE2aQbaNdmCXGUP-Y/AAAABftFvQ8gLSjQU8aOMQNm_55IF6NHwG4LPxBEfvXzcRePWlTJUDnz2oKMjuwuHBQ5L9gl0uB5ApT1qYaPAT6OfRnTi7CxyypwMwM.webp?r=ff3,https://www.netflix.com/title/80986896
80987063,Fruits Basket,,2021,False,63.0,3.0,16+,110,"suicide, self-harm",https://occ-0-58-395.1.nflxso.net/dnm/api/v6/X194eJsgWBDE2aQbaNdmCXGUP-Y/AAAABWgEyTIXikJvzx5VOL9IPBUat-DUvWA7iJrTUhz5QqLIA3OCEmiRxSLwwK_-gprBW2Q_KV6LtRLHxnfnDKamoqYjJYRA4qHU29M.webp?r=bf1,https://www.netflix.com/title/80987063
80987064,RESIDENT EVIL: Infinite Darkness,,2021,True,4.0,1.0,18+,1000,"violence, language",https://occ-0-58-395.1.nflxso.net/dnm/api/v6/X194eJsgWBDE2aQbaNdmCXGUP-Y/AAAABS7n_P2vJW5bUBQSdUbnbzvh_KhDmE8h7O39m4mR_2vL9bzB9pAhGqwXW2f_dv8IkP8nT4vKOBIg-FOKcjkiXKz0Yf19JNUKCFkIHUnvWhYau7l7T2tV0dcCmAeE6UwEfAs5.jpg?r=b49,https://www.netflix.com/title/80987064
80990381,Move to Heaven,,2021,True,10.0,1.0,18+,1000,language,https://occ-0-58-395.1.nflxso.net/dnm/api/v6/X194eJsgWBDE2aQbaNdmCXGUP-Y/AAAABQysAA49RaZqrFxRoFNLfKlfcNkHMB5aRNTmC-yruSPgyAO9NrA1E9uDL1q0EvTaYH9HHbsdbzjpPcAK6nAYmnaG50RenOZoBVEeSZubX5JjTct9Z8sZASry1aUHdrypPTl3.jpg?r=cb9,https://www.netflix.com/title/80990381
80991107,Mr. Sunshine,,2018,True,24.0,1.0,18+,1000,violence,https://occ-0-58-395.1.nflxso.net/dnm/api/v6/X194eJsgWBDE2aQbaNdmCXGUP-Y/AAAABZKRl-aFaR22isyLx3R6c38wmSEc-I2FUGrpzQ5lY_ktbqWWFwnbGXgjwMv-ASSrEP7RA4vfaA2SpKatb4JAM-HcgZ7RsCB4MZqu5BXNVsYGB7JX-eFNZP6AnqkNQJgoT3y3.jpg?r=c07,https://www.netflix.com/title/80991107
80991326,The Larva Island Movie,,2020,True,,,7+,41,,https://occ-0-58-395.1.nflxso.net/dnm/api/v6/X194eJsgWBDE2aQbaNdmCXGUP-Y/AAAABa7rEHCjYO9yNsHxbG_dHG6fpS2InzZuNR4i45IfqBwMfFOtvS4dsPmq2c7-BtzHDN0TsmYMmhxx8yzf2gC2uwqbCDwk3SSvQ7NeRxtQm4E-DON-8lWtvz7-ZWqEPawkdkyN.jpg?r=b07,https://www.netflix.com/title/80991326
80991329,Larva Island,,2019,True,26.0,2.0,7+,41,,https://occ-0-58-395.1.nflxso.net/dnm/api/v6/X194eJsgWBDE2aQbaNdmCXGUP-Y/AAAABenynZP4bUMyqVUahpn2qwWN9UCmmOz9f2AFNKb0g76gwZUa2s9UZLBCkEt-oWRTxYIYTDKU3IxUASi7Vfsl7CSGsKdclMe7OHoOOt-R65CFl58eaz2k-maahsDGoGRHvucy.jpg?r=4f7,https://www.netflix.com/title/80991329
80993062,The I-Land,,2019,True,7.0,1.0,18+,1000,"violence, sex, language, sexual violence, self-harm",https://occ-0-58-395.1.nflxso.net/dnm/api/v6/X194eJsgWBDE2aQbaNdmCXGUP-Y/AAAABXRiNRy5kgQlqNmgrLFlpLB0GQByK7YZxeHc17L4B0XOeqZN8XlW46yglUMKDfVGzAuMn9EnOLxx3EDGxvDzyfiaMgMD5RbUG4f5h6QkwJOcAAi8pgFyJR9mHx6hl2C1kQis.jpg?r=022,https://www.netflix.com/title/80993062
80994336,DOTA: Dragon's Blood,,2022,True,16.0,2.0,18+,1000,"violence, language",https://occ-0-58-395.1.nflxso.net/dnm/api/v6/X194eJsgWBDE2aQbaNdmCXGUP-Y/AAAABY8QZXqmozwzlx99S8lFOhb3hCeOv9CDiUgbTnEAwlFtR7zAVM5M9kKtFiDSLZAsaJjIq55oB4cR4Qzx_WIxnUkVzWaQIK0KkWV_WjH-ma8HryUREVunUyv23Np2TJ5zKKHt.jpg?r=5ce,https://www.netflix.com/title/80994336
80994666,We Can Be Heroes,,2020,True,,,7+,41,,https://occ-0-58-395.1.nflxso.net/dnm/api/v6/X194eJsgWBDE2aQbaNdmCXGUP-Y/AAAABRlSPyAKGLvX83cCGoAgr3h4qwEDPTl6bmjByouS2PYYJlBOTgl9thI598FzU5UEbJhS-NREA56XBfNslfzz0lqJa7voDYrHB-I1QWGYCajEU17lBS_z2zIm5GmMHQ0Eqo_l.jpg?r=d2a,https://www.netflix.com/title/80994666
80997338,Hi Score Girl,,2019,True,24.0,2.0,13+,80,,https://occ-0-58-395.1.nflxso.net/dnm/api/v6/X194eJsgWBDE2aQbaNdmCXGUP-Y/AAAABblYfGP4-gs6dUDmIUmRjyLVEIfsvTSCpYrBWvBoEeMxHkFgKVpCn-nE3SWYWSeYu8U0x-uXnnWCPeZ1DxmXTs0B_PmS9rBvOtqoP6vJOuIXhEQ7rE2vHP8wfY6K3w8wdTXU.jpg?r=980,https://www.netflix.com/title/80997338
80997687,Dracula,,2020,True,3.0,1.0,18+,1000,"violence, sex, nudity",https://occ-0-58-395.1.nflxso.net/dnm/api/v6/X194eJsgWBDE2aQbaNdmCXGUP-Y/AAAABYksPC_vtpSBKD55TPPXmD-BUm8I0cgiimR4Zt0lKdalyQMHDmT_IBaME6ESU-04RksdL6Toq-3iuc_b42VZMD35s53NB02yYlG6ScD4W8rYGUdLHlxYy39hVIcFkAfg9zif.jpg?r=b02,https://www.netflix.com/title/80997687
80998959,Doctors,,2016,False,20.0,1.0,18+,1000,suicide,https://occ-0-58-395.1.nflxso.net/dnm/api/v6/X194eJsgWBDE2aQbaNdmCXGUP-Y/AAAABck63FS694K70NFxOWKJUaDUdcnaqppSEI2ZtxA2xPdi09EBWLNXJv6t-gjP8JvhUy8SESDMHJvXrQ3wjiBNFXWwFQh9qUpLbIk.webp?r=0b0,https://www.netflix.com/title/80998959
81001887,6 Underground,,2019,True,,,18+,1000,"violence, sex, nudity, language",https://occ-0-58-395.1.nflxso.net/dnm/api/v6/X194eJsgWBDE2aQbaNdmCXGUP-Y/AAAABX811ZhOaR-jl1k2bLUHejS8H5Zvo6o6bToWUH_MCXivKha_tj58XEzALMePAzrWZuSJf_dQ9uBYDP7Fq4QAsEEjSemeBNMtbFs37DCoIQ5raA-ee-63rC6e_s7SuzhzUfAD.jpg?r=75b,https://www.netflix.com/title/81001887
81001988,Blood of Zeus,,2020,True,8.0,1.0,18+,1000,violence,https://occ-0-58-395.1.nflxso.net/dnm/api/v6/X194eJsgWBDE2aQbaNdmCXGUP-Y/AAAABX-EFkz8Qyn5NBADx-dTYsqzEw44vfn7DADA2bRyQ0aMncrkZy6tQ1gnFJe-qd7wp0dww6Ss-lju3KsVvcxq5nU4-wb3h80n50ZwhhyGlwUpxAq3GHjxayoqwrSMF_Skfts4.jpg?r=058,https://www.netflix.com/title/81001988
81002003,Pacific Rim: The Black,,2022,True,14.0,2.0,16+,110,violence,https://occ-0-58-395.1.nflxso.net/dnm/api/v6/X194eJsgWBDE2aQbaNdmCXGUP-Y/AAAABfLYKujjerlzcqHUU0CwEuIJmjOdiHRBtfraGSMWTwGhpl7VpSECnTQVlyVG3prNa1yYm0vteCY1ZseXsNSSoQ8hPja9hu-nmQPtr3Ex7Bpm9PFTt3Ee0IE0Vh3danVedYQr.jpg?r=c27,https://www.netflix.com/title/81002003
81002370,Cobra Kai,,2021,True,40.0,4.0,13+,80,,https://occ-0-58-395.1.nflxso.net/dnm/api/v6/X194eJsgWBDE2aQbaNdmCXGUP-Y/AAAABWnSKb9tIPbDmtspRXHFFmmnSgbRlupvpkQl8LYEOV7ViH6RWCPflrrbFf2H4uWZ7kHCVbxAw-FIVEM4SslBFMmM0ndDA0wanC3vvPKkcq9i6wXVRBb3rGRFCWHo0P9zl5Hs.jpg?r=8a7,https://www.netflix.com/title/81002370
81004280,Memories of the Alhambra,,2018,True,16.0,1.0,16+,110,violence,https://occ-0-58-395.1.nflxso.net/dnm/api/v6/X194eJsgWBDE2aQbaNdmCXGUP-Y/AAAABQhmVUydLFRuVzcLf1032Uw-8VO4rHDpiNtLpxphB8ovWesQQN4pVzRGXy9i8NzbPoLB7GPrSyzxvZo_TMwCZeKO7a8UWdahaOnW-BYWK0MsYaXN4uXgQ-OQ2C4uKbcQYw99.jpg?r=5b1,https://www.netflix.com/title/81004280
81004470,Animal World,,2018,False,,,16+,110,,https://occ-0-58-395.1.nflxso.net/dnm/api/v6/X194eJsgWBDE2aQbaNdmCXGUP-Y/AAAABXVZFGZFNuyGHzQ98CslKeKk-MGye3z7NMg4Oh5sDbBYbZTCPhfNLMDkJnyThU2K2d0p9EgNeNjAs4ZVhqTCWXX8IP2WFFjh9MQ.webp?r=fcc,https://www.netflix.com/title/81004470
81005091,Love O2O,,2016,False,30.0,1.0,13+,80,,https://occ-0-58-395.1.nflxso.net/dnm/api/v6/X194eJsgWBDE2aQbaNdmCXGUP-Y/AAAABaNW3y-WtHgspG2NP252SpMTQxHly16t6gSt8sTby4NhSCrT_oJy6vkIh1Jf5_Dob550lD-QFK49WuZFdJKv-o3gkDiiInXcXfY.webp?r=dbb,https://www.netflix.com/title/81005091
81008021,My Holo Love,,2020,True,12.0,1.0,16+,110,suicide,https://occ-0-58-395.1.nflxso.net/dnm/api/v6/X194eJsgWBDE2aQbaNdmCXGUP-Y/AAAABVtNkXMWnBuOgwZndae9Anx-NTRaCdVfhicj8J-vy3r-Tgt8qf_6qIRRhbgTz1Blnz-g3OheuNk01vI1BAGNluSxniHldpzU-9QogiiiUSNUvhwj8USJecckV_YbZVqZYN6Y.jpg?r=700,https://www.netflix.com/title/81008021
81008138,Hoops,,2020,True,10.0,1.0,18+,1000,"violence, sex, nudity, language, substances",https://occ-0-58-395.1.nflxso.net/dnm/api/v6/X194eJsgWBDE2aQbaNdmCXGUP-Y/AAAABb62Puir3-UI9h9Inc0xkviz9YyKkwOsiEGgp-K4GZx5MtxBe3iO_86dXTMoNLhpOdk_DvwjSSxV1duyKRYMqlrMYiyAi9ArGNFQ-YSHcGPcVqwrVfBwCXtZuBTyUaCSjmSk.jpg?r=26e,https://www.netflix.com/title/81008138
81010662,Violet Evergarden: Special,,2018,False,1.0,1.0,7+,41,,https://occ-0-58-395.1.nflxso.net/dnm/api/v6/X194eJsgWBDE2aQbaNdmCXGUP-Y/AAAABYFImcqsCFXw7itS2wD6O3anwcfFOD5jaHi3_CvzQmGRJFXfBC73H-oFSvtw5OaukPYGaZW1TCOeoRwfF_BYTRIT2nqfglcMonQ.webp?r=d60,https://www.netflix.com/title/81010662
81011211,My Name,,2021,True,8.0,1.0,18+,1000,"violence, sex, language, substances",https://occ-0-58-395.1.nflxso.net/dnm/api/v6/X194eJsgWBDE2aQbaNdmCXGUP-Y/AAAABYPTc6kxqPurA0AQBp8mNAaVg67vJpvA3oARCAaLaDBUEC2v-kpB3nDz8erbeD88xpgfgMLsixXdY4o0zeIVOhECuJ79LCJSlIRbkOGa2AFpi0UnQZyHAy4GzcyMPu0PqsmW.jpg?r=811,https://www.netflix.com/title/81011211
81026181,A Castle For Christmas,,2021,True,,,7+,41,,https://occ-0-58-395.1.nflxso.net/dnm/api/v6/X194eJsgWBDE2aQbaNdmCXGUP-Y/AAAABdshS0k-msLj30el4ORrcFu6F9tqqK_uQAc4mus0-3T6ZwxhbNv0mJmjzzz0KaVaIN5Od7B8PjgBQU5FVEuLEHhakw5Ut5jLM1PYpqNBs6nmIfZPGI_sY8GIH_UdXOwPlpTV.jpg?r=842,https://www.netflix.com/title/81026181
81039113,The Millionaire Detective - Balance: UNLIMITED,,2020,False,11.0,1.0,16+,110,suicide,https://occ-0-58-395.1.nflxso.net/dnm/api/v6/X194eJsgWBDE2aQbaNdmCXGUP-Y/AAAABQJzzWPHi-WWAJoTel4bDNi-RTgsRSMkhFzH7J0_nfc-dgmg6HPuf0JJnrdtOqsPDRPegkDFEn6W6lelzBhROrS2RekzwzIghQo.webp?r=a0a,https://www.netflix.com/title/81039113
81045349,Romance Is a Bonus Book,,2019,True,16.0,1.0,13+,80,,https://occ-0-58-395.1.nflxso.net/dnm/api/v6/X194eJsgWBDE2aQbaNdmCXGUP-Y/AAAABUoiuzou3DnZmQt61o7QjqCN3Ln17MFLh5PKpvnqNRW0VWMSfCtzLl0ZN6yrZ3Hguk5k0nAyJWpjH9fUBOQhubARse0m02hCZ66hF89qHzGuZIPoeCaGlcyPFKe84ajUtCWA.jpg?r=c06,https://www.netflix.com/title/81045349
81046193,Dr. Stone,,2021,False,35.0,2.0,13+,80,,https://occ-0-58-395.1.nflxso.net/dnm/api/v6/X194eJsgWBDE2aQbaNdmCXGUP-Y/AAAABeF-m_azIQm_KTK_N9oA0mlpRAR0-092cEiU_zhKsCkT_8_6_fSU4Hrd8JNZuTo7HgZj-sneaILr6sZ55IzTCb36SfIMQM0Kl-4.webp?r=ba0,https://www.netflix.com/title/81046193
81054409,The Boss Baby: Get That Baby!,,2020,True,,,7+,41,,https://occ-0-58-395.1.nflxso.net/dnm/api/v6/X194eJsgWBDE2aQbaNdmCXGUP-Y/AAAABdWnH2TygUwToncSUySlo9Rxe4LnQBL4t9Zn6oI3XzHnc7SkNtymHuXazYOqMznOBFurTlA99Z1Z5xdHQUfIBlovKzUUs5RSGtchCufXNHc5IQEJOar6tc7pivpXk_8IBf59PcjwyJur0LeEqqeHoyDwDG31b0E6blBxDeOKX2IQsf2WQ9IPXQTgDJQFT-i1sZgQd8BxBhTzY5Q6tRU9y10ncVcneiXb.jpg?r=f12,https://www.netflix.com/title/81054409
81074662,The Minimalists: Less Is Now,,2021,True,,,13+,80,,https://occ-0-58-395.1.nflxso.net/dnm/api/v6/X194eJsgWBDE2aQbaNdmCXGUP-Y/AAAABY2Y3mHJ61blsAKoZ4uX40LoENBHZJpYPaklOsqDzbKzdGF9jtbwRIvAMZMf5TFYBz0zbIoyn6WSkc-m1QPS5lwHt2StSYGys8npzZo4ATe-e9Y50cxh5mW_NbzkONbvWQGc.jpg?r=2db,https://www.netflix.com/title/81074662
81076952,A Tale Dark & Grimm,,2021,True,10.0,1.0,7+,41,,https://occ-0-58-395.1.nflxso.net/dnm/api/v6/X194eJsgWBDE2aQbaNdmCXGUP-Y/AAAABc0DCacIgYIEp56Pe9iJRDbNVyhBKmmSW_38whBQvDS8rhMNA_bR-GF0dYO0y-n1Lz9YYdCKz0YpmnnZp79v-ObZ352grE_B51_m9Di1E9L7iAkWYs1wL3adH4kNipvSp_Ko.jpg?r=0ff,https://www.netflix.com/title/81076952
81079259,Thunder Force,,2021,True,,,13+,80,,https://occ-0-58-395.1.nflxso.net/dnm/api/v6/X194eJsgWBDE2aQbaNdmCXGUP-Y/AAAABUDg5DDFQjqf8YNC3rPHbJMS99VKw1HwxwxfDPmFvdWOm49zZaJtyoIYTdRDqrMsLw1nPCb98XXibQKLlk7pGlDWBdFpajERRU3bDHChSY1xWrBAynG2RmyCOadNc3djShHQ.jpg?r=57b,https://www.netflix.com/title/81079259
81082007,Atlantics,,2019,True,,,18+,1000,"sex, nudity",https://occ-0-58-395.1.nflxso.net/dnm/api/v6/X194eJsgWBDE2aQbaNdmCXGUP-Y/AAAABTe34DwU6lapkY744YrPHXS4uwZOiY6XVd-SbitejZ_4RLbLqQppEDthhE_Aewaag2tL51YwZJLSo4gyHgnvGTSA6_OJOp6dYwiCp5HkoFSL4nf7zvkLJ4P_7hAh4FJxVXR7.jpg?r=0db,https://www.netflix.com/title/81082007
81087762,Abyss,,2019,True,16.0,1.0,16+,110,self-harm,https://occ-0-58-395.1.nflxso.net/dnm/api/v6/X194eJsgWBDE2aQbaNdmCXGUP-Y/AAAABTvquuXNk0IHu9c0emFXvJ9pQ_RMCisRVPKtT42mFc-ahyvqQ7Nd__9Ihmyg9ZMDIxMY3R9seqR4iHe74rdnb7p_gjQ5yxr6XWOEpC5t02vD7bWENPUePNgMN3sSnfKBDbbz.jpg?r=30a,https://www.netflix.com/title/81087762
81087764,Possessed,,2019,True,16.0,1.0,16+,110,,https://occ-0-58-395.1.nflxso.net/dnm/api/v6/X194eJsgWBDE2aQbaNdmCXGUP-Y/AAAABWSnjO4qbH8-0WiKo2_Xj4eDhmYQwSZRSztuFkG_QWJ1lcMgx_jiQqQSYS_4IRv63PRQMwLj2edmb-dUKiKZRj7CZPTQUeAmIEqJdaN1Mgil2tX1vIunm5UI8IIkUBo9UvY3.jpg?r=a87,https://www.netflix.com/title/81087764
81091393,Demon Slayer: Kimetsu no Yaiba,,2021,False,44.0,3.0,16+,110,"violence, self-harm",https://occ-0-58-395.1.nflxso.net/dnm/api/v6/X194eJsgWBDE2aQbaNdmCXGUP-Y/AAAABTZyY2mmYyJl-LtDYkU5YdPmnNItIx6neW9w5dj7ICeixH2gD6EKyLgj8--7uf4dKEz21YCGIkiuNLNuNU8ZgIpzW45erCZJAFQ.webp?r=60d,https://www.netflix.com/title/81091393
81092192,Well-Intended Love,,2020,True,36.0,2.0,13+,80,,https://occ-0-58-395.1.nflxso.net/dnm/api/v6/X194eJsgWBDE2aQbaNdmCXGUP-Y/AAAABfZ8GPADhKiFBpIKTGqwWu5KDxxqMrKh431o_xsIlfk6MKx5jTrDtRjRtwCuWM-4E80Odp7Cl3XPfIAdicTD4rqRSO6ga0bCtDg.jpg?r=fda,https://www.netflix.com/title/81092192
81095103,Kabaneri of the Iron Fortress: The Battle of Unato,,2019,True,3.0,1.0,16+,110,violence,https://occ-0-58-395.1.nflxso.net/dnm/api/v6/X194eJsgWBDE2aQbaNdmCXGUP-Y/AAAABWSl_HO7Lk0neAOfgh6ZyAOx8TLRZvdA6-FFkSmsQI9q7W6NGhOJMx6_THS2KHtsGhHiGzDJUCOFZxBBB1qYI28hpu3qRbBxv-QNoC4Nsu9sKk_FQuqEdHrp4JgOF-KqRxYg.jpg?r=f0b,https://www.netflix.com/title/81095103
81098586,"The Mind, Explained",,2021,True,10.0,2.0,18+,1000,substances,https://occ-0-58-395.1.nflxso.net/dnm/api/v6/X194eJsgWBDE2aQbaNdmCXGUP-Y/AAAABWvJddLNcs4sA68VhBgSubhdXYW9pGriXg0x_RQJfc9DR3GgMdzpf_EH-mdbBuIM176u84s3dCOpo17c2L8vp6mYAtzdwNFw6pbyXls99XUiojrUP3fySicbvz6AYsh02wlp.jpg?r=5d7,https://www.netflix.com/title/81098586
81116168,History 101,,2020,True,10.0,1.0,16+,110,sex,https://occ-0-58-395.1.nflxso.net/dnm/api/v6/X194eJsgWBDE2aQbaNdmCXGUP-Y/AAAABYMOYHBeLyBTJsFUE6LfAQfBc4svVeLE4mqqP5ALncXwRmEl7NzfwfMbD-ptaJd__uZdyPWHXxtvr7pX12nWHAWECXZ_LsHEDp30UvomZVz4X4RF0hwqdPVJVJlYXCT9UwsD.jpg?r=f89,https://www.netflix.com/title/81116168
81137134,Find Yourself,,2020,False,41.0,1.0,13+,80,,https://occ-0-58-395.1.nflxso.net/dnm/api/v6/X194eJsgWBDE2aQbaNdmCXGUP-Y/AAAABWpYRwQ-i2sB5Zbfzs4HncfdwhpKSKPh_pysKP-CGCC105iiUd9wuFeBsD4bz4_Fll2uKTAbB0GoRaKT1MkuI0BydfsHYUAyAb0.webp?r=712,https://www.netflix.com/title/81137134
81140470,Sexify,,2021,True,8.0,1.0,18+,1000,"sex, nudity, language, substances",https://occ-0-58-395.1.nflxso.net/dnm/api/v6/X194eJsgWBDE2aQbaNdmCXGUP-Y/AAAABUeps7Vlb8OBvNAthcVeA_rvDqdv4vbIi1xbW35qhX4IbR56mEIaj7XvfpK3NxCrsJwWCpA7g-99eBMf3yDun2XQc54g8b38KXxFkBYgBvJE3wzD14v04VgLs6WXuX0qZvYP.jpg?r=4a7,https://www.netflix.com/title/81140470
81144576,Astra Lost in Space,,2019,False,14.0,1.0,16+,110,suicide,https://occ-0-58-395.1.nflxso.net/dnm/api/v6/X194eJsgWBDE2aQbaNdmCXGUP-Y/AAAABbdasTFicgjIgza9I_FTAIy5pSaLKfWD45MYuUc7nKlSpPtkH3qojlkZsJSbhQvE27QxLALD7wTkIvUj4rpPV3ZCIblskFKcmqk.webp?r=aab,https://www.netflix.com/title/81144576
81145024,Animal,,2022,True,8.0,2.0,7+,41,,https://occ-0-58-395.1.nflxso.net/dnm/api/v6/X194eJsgWBDE2aQbaNdmCXGUP-Y/AAAABWEVrAuP6iO-87hIpP6u-Vpofs7WhsxTGrz5b-wyn4Km-8PTD5-YpPkRqEsqk65imbW16B5JETExknwfvOo1JJCbM6T9bCg7qPzXVKVjb5TyuRfLyc7otwDZdqFf7bC64WGB.jpg?r=03d,https://www.netflix.com/title/81145024
81160763,"Sex, Explained",,2020,True,5.0,1.0,18+,1000,"sex, nudity, sexual violence",https://occ-0-58-395.1.nflxso.net/dnm/api/v6/X194eJsgWBDE2aQbaNdmCXGUP-Y/AAAABbt_YnoEkIa677Vv6vXUQ5AIOeAHfhno_ATvJJAu7w6iG1fqdJgvmIQ99FeVssju85mnTvYtSoMh1FeeH5O3OvrskUQ5ovTt6vwvTzSqjwW1v_GRybyjaAZmqllywlXkMDUX.jpg?r=628,https://www.netflix.com/title/81160763
81161487,My Country: The New Age,,2019,True,16.0,1.0,16+,110,,https://occ-0-58-395.1.nflxso.net/dnm/api/v6/X194eJsgWBDE2aQbaNdmCXGUP-Y/AAAABTwAEzRYQeRxSGrzV-qRUvN4YCmPWhFzOeyHJ7nfEcasL5JLLJp-eyRSH_7gNXxWovJOJ25wit0ZCZzkRT9xcB9LETMQ_xr2m23UXDYfCuEs3H6eirkGQDdim2eAGdYrdQjx.jpg?r=4ee,https://www.netflix.com/title/81161487
81161626,Red Notice,,2021,True,,,13+,80,,https://occ-0-58-395.1.nflxso.net/dnm/api/v6/X194eJsgWBDE2aQbaNdmCXGUP-Y/AAAABai00BmS0PN3f4EwQp4SzxCokzV4l0j3KHjaUStMiqMMBVQDkghv6pWYSFmMPY1OgK7_e3t4pRm9AriTaWPbFJU4cdy32PVWl5kQ-U2datUIApZbPggVAPE3D9k5Wxp7kHez.jpg?r=136,https://www.netflix.com/title/81161626
81168505,Night on Earth: Shot in the Dark,,2020,True,,,7+,41,,https://occ-0-58-395.1.nflxso.net/dnm/api/v6/X194eJsgWBDE2aQbaNdmCXGUP-Y/AAAABSEtEylNFlzuC7Ri7_bD-r1gMfADErA0rFBjpZ-VWxidaO735rAqyDWtC1-vAWEeIFyFixnoN2RgD5Vx2De06KXmkW3PoO4A9MLhy2MLm78_KeffV7AM17Fazrpzo76sTaQN.jpg?r=162,https://www.netflix.com/title/81168505
81168885,Extreme Job,,2019,False,,,16+,110,"language, substances",https://occ-0-58-395.1.nflxso.net/dnm/api/v6/X194eJsgWBDE2aQbaNdmCXGUP-Y/AAAABRVay2ljwUv01-xPPBB_3QjjHeCemfuJccbghrkOWQuZ_HE0HDM-MmmQo0k0InydiyUKRUzqYy_Tpt1oyRRWzsV2rHGOc5TgF_Y.webp?r=5aa,https://www.netflix.com/title/81168885
81170092,My Secret Romance,,2017,False,14.0,1.0,13+,80,,https://occ-0-58-395.1.nflxso.net/dnm/api/v6/X194eJsgWBDE2aQbaNdmCXGUP-Y/AAAABVf_-xpXL8NRWjxTJacV3qMfRjoFGZ6uvypqfeptCax7ezX3QfUZ0iW9F0s1Ff4RB2Hx_LiFT0UTNv_Ek_UGV2bdX8foRHqf4o0.webp?r=bc1,https://www.netflix.com/title/81170092
81183718,The Invisible Man,,2020,False,,,18+,1000,"violence, substances, suicide",https://occ-0-58-395.1.nflxso.net/dnm/api/v6/X194eJsgWBDE2aQbaNdmCXGUP-Y/AAAABW8dmjKe7MLMkG3jsyeXA8OHgrEX8Gv_U-veu1scLrqDyM6aQcdUyic6mHu89w0ggn36o7ooJKVnlZQ7gNPvyafhCmqTt7F6MSs.webp?r=b22,https://www.netflix.com/title/81183718
81193214,Violet Evergarden the Movie,,2020,False,,,13+,80,,https://occ-0-58-395.1.nflxso.net/dnm/api/v6/X194eJsgWBDE2aQbaNdmCXGUP-Y/AAAABcoe0NM8nT4M1MeiOcA1kz6zMq7pYOWeiFVlILkktaHFFQbCx7xghdSIew2pRBtpnta3p0WVmAegyOg9fW7j9ifEZLr1OKPqEuo.webp?r=84e,https://www.netflix.com/title/81193214
81199052,Vivo,,2021,True,,,7+,41,,https://occ-0-58-395.1.nflxso.net/dnm/api/v6/X194eJsgWBDE2aQbaNdmCXGUP-Y/AAAABSHr4XinqCJAMl8mtm5GX8F9sILenAUCpZ61fOYTJnU0qISunFxWcJia-8umnPfjH6UXrt-S_aeU5LSU4NzzJLsOTPFDLEJk2OLvUMl4aieetvxdp7pTjAvrLoiY8mxNd7lp.jpg?r=c6c,https://www.netflix.com/title/81199052
81208936,Violet Evergarden: Eternity and the Auto Memory Doll,,2019,False,,,7+,41,,https://occ-0-58-395.1.nflxso.net/dnm/api/v6/X194eJsgWBDE2aQbaNdmCXGUP-Y/AAAABcoUTUS4VM-iD6G4Ay5-4oP0ThdTp8-I40hp-24ueNQMNHzPMtqwOBZQYjFZZVU6tVdl1KUkcO5MOVITaF8agvY23rcZ-nSnE1I.webp?r=429,https://www.netflix.com/title/81208936
81212831,Double World,,2020,False,,,16+,110,violence,https://occ-0-58-395.1.nflxso.net/dnm/api/v6/X194eJsgWBDE2aQbaNdmCXGUP-Y/AAAABW_56HQy_oCDXJD3khQztOSaNN55zTmeqJd4f6yo_mkxMZlGxr_vcOIT_oNEvIK9dZYVdp8vAAHynHQvLJP4mHcb3qQS8HOufWc.webp?r=480,https://www.netflix.com/title/81212831
81221835,Playing with Fire,,2019,False,,,7+,41,,https://occ-0-58-395.1.nflxso.net/dnm/api/v6/X194eJsgWBDE2aQbaNdmCXGUP-Y/AAAABQITTZsxlnXgrI8XeyWBRf6whcPKrlaTo0gT2MEbL6W67GE5K5sgJ48Zc1zR075GGZwjvBrL49pVQZ3GHTrYSwmoVhtkjZ5Pf8k.webp?r=a5e,https://www.netflix.com/title/81221835
81239555,SHAMAN KING,,2022,True,52.0,1.0,13+,80,,https://occ-0-58-395.1.nflxso.net/dnm/api/v6/X194eJsgWBDE2aQbaNdmCXGUP-Y/AAAABU873U_kvTdkcQy4iyvTGbN_M_YdFy0Vdyg_UE7_DZoxxCrQCeXzS5fWr5B6Gmk0WMWbvZyBf-EnqK3DKN6hVGuJSxlboqvwkAFgevyVRlgcd8stSt-_0iQjWQEn2LdHGcDK.jpg?r=11f,https://www.netflix.com/title/81239555
81243996,"Hi Bye, Mama!",,2020,True,16.0,1.0,13+,80,,https://occ-0-58-395.1.nflxso.net/dnm/api/v6/X194eJsgWBDE2aQbaNdmCXGUP-Y/AAAABXV1ABq7n3MUpZ7y-37fnNsUhBDB7pM-jQYfuOIWkIrRj3GHy14lbN8R2evr1oWUbj11EDv0WnP8p-KusjK_Jv0_Ky5cEZzUWTvBSjdDVcIonjSgy5UuFp0JftqEi7dNmxBH.jpg?r=4dc,https://www.netflix.com/title/81243996
81261630,EDENS ZERO,,2021,True,25.0,1.0,16+,110,,https://occ-0-58-395.1.nflxso.net/dnm/api/v6/X194eJsgWBDE2aQbaNdmCXGUP-Y/AAAABdDiOgTwJRmInjhb_RTR4rxnmz3o-1mFmckuUKCfmfZHAn4In4um3NKDXMAL6yeHDcHtOuTBKTyE8BjZZ0yL-M7LCIBMj4cZ32HVrNVcBcmWyKufx5A4BCsM7Dz-l9j9lfH8.jpg?r=85a,https://www.netflix.com/title/81261630
81267743,Familiar Wife,,2018,False,16.0,1.0,13+,80,,https://occ-0-58-395.1.nflxso.net/dnm/api/v6/X194eJsgWBDE2aQbaNdmCXGUP-Y/AAAABbeNNySVHFoRh0i9O861i2YIeWd3Q1LsMKPHXs9FOaacvNmaNR--aJGXFEV2NurzKpUFo-WxLQ5duZef0D0j53OBBXobZ-_ng5Q.webp?r=e6f,https://www.netflix.com/title/81267743
81274984,Ojos in d' House,,2013,False,13.0,1.0,7+,41,,https://occ-0-58-395.1.nflxso.net/dnm/api/v6/X194eJsgWBDE2aQbaNdmCXGUP-Y/AAAABXOOjef45HMpuBAnNv-1iCj3g811N5jPQDBD0qv-Z28p_Xs5-ElnLkaivB5pguML4ZywKNsHdS5SVV_9RjBWLkB7XtasB8Rswiw.webp?r=515,https://www.netflix.com/title/81274984
81278456,Jujutsu Kaisen,,2020,False,24.0,1.0,16+,110,violence,https://occ-0-58-395.1.nflxso.net/dnm/api/v6/X194eJsgWBDE2aQbaNdmCXGUP-Y/AAAABYvflWFGRC7hozC3PutVhL47IBH8aImL5kRrIxqViZOeVXOKgegZdDQLsUu6fRfYEb4NGrSTMwg88r0ZroTkZrOyun77-tIqBUA.webp?r=d59,https://www.netflix.com/title/81278456
81279108,The Tale of Nokdu,,2019,False,16.0,1.0,13+,80,,https://occ-0-58-395.1.nflxso.net/dnm/api/v6/X194eJsgWBDE2aQbaNdmCXGUP-Y/AAAABfX81aqiPxl3Hwu3BSClPc0gwgQZPPwQ4Gz3h166lJOxbYdLdYW-mRUrHP04CYd90Ertnm8_6euNJ6TK4bYCnBQwpG6jwH6LiRI.webp?r=159,https://www.netflix.com/title/81279108
81279310,An Astrological Guide for Broken Hearts,,2022,True,12.0,2.0,16+,110,"sex, language",https://occ-0-58-395.1.nflxso.net/dnm/api/v6/X194eJsgWBDE2aQbaNdmCXGUP-Y/AAAABea4VIhD9fXxtJD49GNF8bvkzio1sUmVoMjKvuokDLIJQqcys4o85qUVfTCSMAUKEmduCJ6ra8kTqCUIjfjZI-lHKpRUdYlkM3zykxh6AxPWRi5hbya1tgNVzucCoApE71Uw.jpg?r=bff,https://www.netflix.com/title/81279310
81280926,Headspace Guide to Meditation,,2021,True,8.0,1.0,7+,41,,https://occ-0-58-395.1.nflxso.net/dnm/api/v6/X194eJsgWBDE2aQbaNdmCXGUP-Y/AAAABT4cGFsqagrVDtXDUaRTJKDUAlgvXkCI419W724VPFIrIVJ6AlYuizyOIZOzSleNoDrDWLvsbWcFMjlbbFG5Fn4EWf52lkigrAgVeactRgtvK73NniHECtzRggk-Lldn4Rtt.jpg?r=141,https://www.netflix.com/title/81280926
81299341,Deca-Dence,,2020,False,12.0,1.0,16+,110,violence,https://occ-0-58-395.1.nflxso.net/dnm/api/v6/X194eJsgWBDE2aQbaNdmCXGUP-Y/AAAABazG8MMsEJ1c9oKFCWrWC1tJrHSM3FoIxUPAFCvcFaaGOc5daDgdNp2WaET28y3ZEKM22Q-jhS9w4Yyu8TEMmGz-cwfjNTwb2NM.webp?r=6ab,https://www.netflix.com/title/81299341
81300162,Hozuki's Coolheadedness,,2018,False,39.0,3.0,16+,110,,https://occ-0-58-395.1.nflxso.net/dnm/api/v6/X194eJsgWBDE2aQbaNdmCXGUP-Y/AAAABeMlDl1dYDJFaLPLfauzpJDu1dvsvKfnvBY_zcUO8PLqZK1V7WdTl8F54fmUcNfZ2DpxYsQw9Psm0GI591w2qhKX2T8KZ2XLMJg.webp?r=e75,https://www.netflix.com/title/81300162
81305123,My Absolute Boyfriend,,2019,False,20.0,1.0,13+,80,,https://occ-0-58-395.1.nflxso.net/dnm/api/v6/X194eJsgWBDE2aQbaNdmCXGUP-Y/AAAABSWI8Y9khd7bW6hes9fQbWatq7FdXKzAQEw0hqC_scXo0BumgP00Qzo8l-L7Yudw2F7N_LatTtnBcpJSDhiH18Nm-t_r4n70RpU.webp?r=178,https://www.netflix.com/title/81305123
81312809,Fishbowl Wives,,2022,True,8.0,1.0,18+,1000,"sex, nudity, domestic abuse",https://occ-0-58-395.1.nflxso.net/dnm/api/v6/X194eJsgWBDE2aQbaNdmCXGUP-Y/AAAABeLPyoCbdWiLqYObA3Crh1AfyruegbPbT5fbVoeVhx3Iz3ZNBtLiow9SLl75L4bgvbsijf701SuQqpSfaYCH8pg5udrxYYuRVmUI2tZ8FOgi3xQiuvx3JCoArcCIZDXyVxKu.jpg?r=277,https://www.netflix.com/title/81312809
81324386,Comedy Premium League,,2021,True,6.0,1.0,16+,110,language,https://occ-0-58-395.1.nflxso.net/dnm/api/v6/X194eJsgWBDE2aQbaNdmCXGUP-Y/AAAABXqA0MJjlz-nv712WA85UeU-DA0ogp9bL2BxkZ06DVCICPnb81hWqhtVUbkh2CMnkXID2vMhLRyREzTsu1EAOgcyh-zIUnKye1HCTue4dh5Gngh_j321wCaIhN5HTABAtOdm.jpg?r=3ed,https://www.netflix.com/title/81324386
81328827,Headspace Guide to Sleep,,2021,True,7.0,1.0,All,35,,https://occ-0-58-395.1.nflxso.net/dnm/api/v6/X194eJsgWBDE2aQbaNdmCXGUP-Y/AAAABQVL3Q4sZc6mFnAJ92vji9PQ7FJwxZeMElbwQ4CGEnfdLlxkIC9DC7_1JN4aV1DmtMNfpghev10g5_gUT9FCfb48_AMp8xG9k-uZy0KXaXkUEIJUukb-aPZl_BqUjgAbEOUA.jpg?r=8fe,https://www.netflix.com/title/81328827
81328829,Headspace: Unwind Your Mind,,2021,True,,,All,35,,https://occ-0-58-395.1.nflxso.net/dnm/api/v6/X194eJsgWBDE2aQbaNdmCXGUP-Y/AAAABevUpBV7AjZmjRPar7uuLJdTNqdKScu6_4X7eSKVC1-QlY0srDkSDtB7sJVqEVSvYPEZlO999_OnobSp9WudpDVqCU02PX5j94nuFQLaZuSTFI3GQaz_g4rqoE1Uc_c8OtZYnEBUrf26jRlh98onFJOTaya9qJmKS4fJlgpW1OUAlXK4gsRVYlE0-P1U7EkRbw7uQjaBNdRKsxg9NuhHZC0JdVfdeyKW.jpg?r=fe4,https://www.netflix.com/title/81328829
81335124,The Bureau of Magical Things,,2018,False,20.0,1.0,7+,41,,https://occ-0-58-395.1.nflxso.net/dnm/api/v6/X194eJsgWBDE2aQbaNdmCXGUP-Y/AAAABUFLm0WZcz5lNb1p8dmG8jCk2x3tVcbOcgVyRHPxFmFte2IC7Q9ig7J9aYqD1K9YX8wLB9P0B1YSz_OQAw7_qkjHrJTaGtnieDw.webp?r=5dc,https://www.netflix.com/title/81335124
81340808,Love Island Australia,,2021,False,86.0,3.0,18+,1000,"sex, language",https://occ-0-58-395.1.nflxso.net/dnm/api/v6/X194eJsgWBDE2aQbaNdmCXGUP-Y/AAAABV9MWFg5f1G0UBfSN9vDm08vg9En7m2gwI5S6dzmZe6CwQIJ8Rm2ahTmAu-ZYq9LEU42lJubNIGXU8KeVtWdHHTdA8h2h3bQnKU.webp?r=c42,https://www.netflix.com/title/81340808
81340870,Love Island USA,,2021,False,86.0,3.0,16+,110,sex,https://occ-0-58-395.1.nflxso.net/dnm/api/v6/X194eJsgWBDE2aQbaNdmCXGUP-Y/AAAABW24a07fMFVWMKW4S_1fOqt1yR1XFy7qkWDZUwyba_D7h9-y92ddjMWMA08qboY9gfga1re-IYfSwgGnJlaIJnpuW7PWtS65Aj8.webp?r=b88,https://www.netflix.com/title/81340870
81345769,"Money, Explained",,2021,True,5.0,1.0,13+,80,,https://occ-0-58-395.1.nflxso.net/dnm/api/v6/X194eJsgWBDE2aQbaNdmCXGUP-Y/AAAABX66kWhc55VdLqacVzNK4l1c9Ys2dm2X6dQGfkqQVP5wQ5Sr8k4Z_hVPZ9dDou7cn4fbUDp3gNhKqjZwLGbJuWjS8YvH1g5_GSzZYk50xYbd6GaCpryHd443z6Ivl__p7hrR.jpg?r=603,https://www.netflix.com/title/81345769
81349029,Trust No One: The Hunt for the Crypto King,,2022,True,,,16+,110,language,https://occ-0-58-395.1.nflxso.net/dnm/api/v6/X194eJsgWBDE2aQbaNdmCXGUP-Y/AAAABb-wI60LtYCvnkC6w2Un5cSWt9ZZ1WDTWbC9jDtbj8knrnEniQ7ugoBwzqQEypzwRAZ8mT6y7qRVBOqHOLB_iEHRYkMRNhE3ST8YiPWrXa2iAfc2wQ44e_KP2xwxyu9xjRT4.jpg?r=f88,https://www.netflix.com/title/81349029
81349232,Erax,,2022,True,,,7+,41,,https://occ-0-58-395.1.nflxso.net/dnm/api/v6/X194eJsgWBDE2aQbaNdmCXGUP-Y/AAAABWkJIogK1xmnE1mhwM2DgAPzzN-h4GpofX5iX5U0XEkABnL04ui_zz_eFGHGSrlhEFNomeBakcGYckDWISi7n_rQP9M4pLXKOty1q0OpH8XdJrKhjjkx8rrSsYCn9nbaIt-1.jpg?r=fff,https://www.netflix.com/title/81349232
81350913,18 Again,,2020,False,16.0,1.0,13+,80,,https://occ-0-58-395.1.nflxso.net/dnm/api/v6/X194eJsgWBDE2aQbaNdmCXGUP-Y/AAAABf1o7FmQFB9ak-0jVSmnKmuhiQxtXIC9KLwewAkbKp0qPp3eV64Bt0vOUc6YWxGv4fP81u7cqXUfEtVrb_wtw-s8-B4t6LDSZ4c.webp?r=cf7,https://www.netflix.com/title/81350913
81382296,Get the Goat,,2021,True,,,13+,80,,https://occ-0-58-395.1.nflxso.net/dnm/api/v6/X194eJsgWBDE2aQbaNdmCXGUP-Y/AAAABR8Mr6BFwPGo_cH3vyMUs-WmRQ4nHrlM5k15CJke2ksbIPasMpHoMxvBkmMDzZhxoTH-iq5xztyOeiXpODcvr_tMUGnmeV67KC_leOQtKhs4IeX87cnbF3qLDRrcDLPWyr-T.jpg?r=aab,https://www.netflix.com/title/81382296
81415947,Let's Fight Ghost,,2021,False,16.0,1.0,16+,110,suicide,https://occ-0-58-395.1.nflxso.net/dnm/api/v6/X194eJsgWBDE2aQbaNdmCXGUP-Y/AAAABXANpk72Kuv7RXR3LwXC4Pt7TqGb9ZRQvuzfliVNwl1mq-2rTi-ffm_gWYEss-81dwevLsOMGHAS9lpujr8BzZzuyBbngGJLC8E.webp?r=222,https://www.netflix.com/title/81415947
81418033,Zombie Detective,,2020,False,12.0,1.0,16+,110,suicide,https://occ-0-58-395.1.nflxso.net/dnm/api/v6/X194eJsgWBDE2aQbaNdmCXGUP-Y/AAAABTL9HRHoQ0ouCV9D0CYdXXyKmFYOOjDSixBQLEzxALdd80ICZgfkTS3Vzk_PrksUyMldW53mk_my6yMkNYnshpUDIrE4-XV2XEo.webp?r=e14,https://www.netflix.com/title/81418033
81430282,The King's Affection,,2021,True,20.0,1.0,16+,110,"violence, suicide",https://occ-0-58-395.1.nflxso.net/dnm/api/v6/X194eJsgWBDE2aQbaNdmCXGUP-Y/AAAABa4zkUaV7XUEVxDRuQ6i_Ib392gYM_AL1N85XWyhQYJmkeWcDxtiQWeqFU-oEm6woVHghYqvtQE9ULjRnsEv9GLsBZkf3sTrl1a9Sqsnlaeq4SsR1rFCHc8OTCXPgo3WI65I.jpg?r=e33,https://www.netflix.com/title/81430282
81436207,New World,,2021,True,8.0,1.0,13+,80,,https://occ-0-58-395.1.nflxso.net/dnm/api/v6/X194eJsgWBDE2aQbaNdmCXGUP-Y/AAAABevWFP84UTi7zt9JP8TFkdfOedOBg-IWvgfiDXUFzaf_BM9YOVAhUf1Tbu9z85d6WjBpeXH0u68ycKqMS5DMfaZrv0OVo75tZHb7nn6vZ7Mm1yZVTQA8L5h7SpkaLwrBnJlv.jpg?r=4c1,https://www.netflix.com/title/81436207
81436209,Singles Inferno,,2021,True,8.0,1.0,13+,80,,https://occ-0-58-395.1.nflxso.net/dnm/api/v6/X194eJsgWBDE2aQbaNdmCXGUP-Y/AAAABeu_oOKRqj1hh1dxbBzaxX-exN19goXrEP5GvYtU7gDUea2-Cg6q2ZKif27jRhBTgZzMnkxt2SQlzMuO_-MyZxIciDQEy4vO4T271gTz5uNuE4tzHbejV74E87exPPcrjtQU.jpg?r=400,https://www.netflix.com/title/81436209
81442520,Tokyo Revengers,,2021,False,24.0,1.0,18+,1000,"violence, suicide",https://occ-0-58-395.1.nflxso.net/dnm/api/v6/X194eJsgWBDE2aQbaNdmCXGUP-Y/AAAABUW8Mood57Bjc6S26EW0rX2coH_EZxcSkS00yFnQ5FOnfZZAv7ogFwz7ZopsumQhKLhzR_rC6p_Kkq-KeQECoidr5IQcPEjBCRg.webp?r=164,https://www.netflix.com/title/81442520
81453003,How I Became a Superhero,,2021,True,,,13+,80,,https://occ-0-58-395.1.nflxso.net/dnm/api/v6/X194eJsgWBDE2aQbaNdmCXGUP-Y/AAAABdn8hSNb90EVqcjeVI5_xLm7990cICs2SqWk8ZMMx5WcvffBt2tQZ3-KPH_ELRsy9Mbl8esVI4KlvcqQA5mBY6-4an9MsXO6CzqKZf8T-t0j9GbWDBPWc-SYcdwAfVj4vvsp.jpg?r=eb6,https://www.netflix.com/title/81453003
81481766,Legend of the Demon Cat,,2017,False,,,16+,110,,https://occ-0-58-395.1.nflxso.net/dnm/api/v6/X194eJsgWBDE2aQbaNdmCXGUP-Y/AAAABed_FUbqrTY68rwDkdUCNDFQz_fO6gwYyCwBzp23KcjpkGVZuojxLyobmtbQ0qXGZQmF890rIP8zNfcr095aEixzM8juV-o1kIk.webp?r=e3c,https://www.netflix.com/title/81481766
81482616,Couple on the Backtrack,,2017,False,12.0,1.0,16+,110,suicide,https://occ-0-58-395.1.nflxso.net/dnm/api/v6/X194eJsgWBDE2aQbaNdmCXGUP-Y/AAAABRvUkamk-mXvl2EyU6DysOYz50yYKhSxeLvMUvduzLIPkL4Xr6cm6F7ulAhEqMZ6WR_ULx2XBw-WhiedpkTjoXhGo_lADaExGkI.webp?r=0d7,https://www.netflix.com/title/81482616
81486372,Our Beloved Summer,,2021,True,16.0,1.0,13+,80,,https://occ-0-58-395.1.nflxso.net/dnm/api/v6/X194eJsgWBDE2aQbaNdmCXGUP-Y/AAAABazIC2yCww6AhdrOAKQz1GDFFkRC9v9uzzVrXyXjgwXHkhgFM5FfUjolAr81ySC_pBHO1u2VtF50jZshvB26GOY-LzC9k98hCKq3MOvZqPtdWWvDtPb061qRBrvYBwnIkN-S.jpg?r=67b,https://www.netflix.com/title/81486372
81557992,Attack on Titan OAD Series,,2013,False,8.0,1.0,18+,1000,"violence, self-harm",https://occ-0-58-395.1.nflxso.net/dnm/api/v6/X194eJsgWBDE2aQbaNdmCXGUP-Y/AAAABbPTmAsh5GptxzjNbIdUufA6nU4Wo88MPgoOzhexWqqT2naQLySi_CniGIpl0nK0O9cDYUzgWq6D1aQCAL73M_hoUruTP6CWaE4.webp?r=28e,https://www.netflix.com/title/81557992
70205012,Naruto,,2006,False,220.0,9.0,16+,110,,https://occ-0-58-395.1.nflxso.net/dnm/api/v6/X194eJsgWBDE2aQbaNdmCXGUP-Y/AAAABTvqllg5Y66HHl6EeTuzL9MGXF2w11Zd3IxhQz2O7DkQY55UaHADxO2EUYASlggL9b_9nRepZu-X5Y5MBaA9XzE1vOFE-2O_CUU.webp?r=f87,
80122759,Death Note,,2017,True,,,18+,1000,"violence, sex, language",https://occ-0-58-395.1.nflxso.net/dnm/api/v6/X194eJsgWBDE2aQbaNdmCXGUP-Y/AAAABbX8VnNz0d7n2w6Ev5YNZP76wkus-0nwrMCotocwEtcuB3phiCPrpyWdtdBFl2U-nn2fFC7DRcM2RdQ3zSer6NFJgBuyn5EjpwBhK6ndus8Dt_R-Ro0fJcHNsJCDOC74tSDo.jpg?r=0df,
